Q2348,neutron,0,1
Q453105,dineutron,0,2
Q18845928,trineutron,0,3
Q2296863,tétraneutron,0,4
Q18845929,pentaneutron,0,5
Q15406064,protium,1,0
Q102296,deutérium,1,1
Q54389,tritium,1,2
Q1064956,quadrium,1,3
Q843748,hydrogène 5,1,4
Q2123653,hydrogène 6,1,5
Q2651850,hydrogène 7,1,6
Q1043968,hélium 2,2,0
Q533498,hélium 3,2,1
Q1151346,hélium 4,2,2
Q7224133,hélium 5,2,3
Q12624959,hélium 6,2,4
Q12624960,hélium 7,2,5
Q12624958,hélium 8,2,6
Q12624961,hélium 9,2,7
Q12624964,hélium 10,2,8
Q13217230,lithium 3,3,0
Q10322199,lithium 4,3,1
Q14435134,lithium 5,3,2
Q10322200,lithium 6,3,3
Q10322201,lithium 7,3,4
Q14594500,lithium 8,3,5
Q14602154,lithium 9,3,6
Q15130955,lithium 10,3,7
Q15130917,lithium 11,3,8
Q15130913,lithium 12,3,9
Q15846544,lithium 13,3,10
Q15131386,béryllium 5,4,1
Q15131384,béryllium 6,4,2
Q14639071,béryllium 7,4,3
Q13099310,béryllium 8,4,4
Q3010030,béryllium 9,4,5
Q2566171,béryllium 10,4,6
Q15130928,béryllium 11,4,7
Q14646117,béryllium 12,4,8
Q14646111,béryllium 13,4,9
Q17138507,béryllium 14,4,10
Q17138511,béryllium 15,4,11
Q17138512,béryllium 16,4,12
Q17138514,béryllium 17,4,13
Q18844434,bore 6,5,1
Q15132430,bore 7,5,2
Q13099317,bore 8,5,3
Q15132415,bore 9,5,4
Q2437314,bore 10,5,5
Q2659502,bore 11,5,6
Q15131362,bore 12,5,7
Q15132416,bore 13,5,8
Q15132417,bore 14,5,9
Q15132406,bore 15,5,10
Q15132405,bore 16,5,11
Q15132384,bore 17,5,12
Q15132383,bore 18,5,13
Q15132376,bore 19,5,14
Q47456693,bore 20,5,15
Q47456694,bore 21,5,16
Q3658306,carbone 8,6,2
Q3658308,carbone 9,6,3
Q3658304,carbone 10,6,4
Q1014081,carbone 11,6,5
Q1058364,carbone 12,6,6
Q1770822,carbone 13,6,7
Q840660,carbone 14,6,8
Q2394372,carbone 15,6,9
Q15132392,carbone 16,6,10
Q15132393,carbone 17,6,11
Q15132621,carbone 18,6,12
Q15132377,carbone 19,6,13
Q15132600,carbone 20,6,14
Q15132598,carbone 21,6,15
Q15132592,carbone 22,6,16
Q47456699,carbone 23,6,17
Q15135394,azote 10,7,3
Q15135395,azote 11,7,4
Q15135396,azote 12,7,5
Q2128751,azote 13,7,6
Q1138479,azote 14,7,7
Q3271953,azote 15,7,8
Q15132634,azote 16,7,9
Q15132616,azote 17,7,10
Q15132613,azote 18,7,11
Q15132605,azote 19,7,12
Q15132606,azote 20,7,13
Q15135384,azote 21,7,14
Q15132594,azote 22,7,15
Q15135381,azote 23,7,16
Q15135379,azote 24,7,17
Q15135376,azote 25,7,18
Q15135634,oxygène 12,8,4
Q1875295,oxygène 13,8,5
Q1909461,oxygène 14,8,6
Q4595100,oxygène 15,8,7
Q2309203,oxygène 16,8,8
Q3359113,oxygène 17,8,9
Q662269,oxygène 18,8,10
Q2681731,oxygène 19,8,11
Q15135439,oxygène 20,8,12
Q15135440,oxygène 21,8,13
Q15135441,oxygène 22,8,14
Q15135421,oxygène 23,8,15
Q15135581,oxygène 24,8,16
Q18844536,oxygène 25,8,17
Q18844537,oxygène 26,8,18
Q18844538,oxygène 27,8,19
Q18844540,oxygène 28,8,20
Q18844461,fluor 14,9,5
Q18844463,fluor 15,9,6
Q18844464,fluor 16,9,7
Q18844466,fluor 17,9,8
Q2031969,fluor 18,9,9
Q2257946,fluor 19,9,10
Q15135607,fluor 20,9,11
Q15135608,fluor 21,9,12
Q15135600,fluor 22,9,13
Q15135590,fluor 23,9,14
Q15135592,fluor 24,9,15
Q15146160,fluor 25,9,16
Q15146159,fluor 26,9,17
Q15146158,fluor 27,9,18
Q15146157,fluor 28,9,19
Q15146156,fluor 29,9,20
Q18844468,fluor 30,9,21
Q18844473,fluor 31,9,22
Q47456621,néon 15,10,5
Q18844520,néon 16,10,6
Q18844521,néon 17,10,7
Q18844524,néon 18,10,8
Q18844525,néon 19,10,9
Q1956685,néon 20,10,10
Q2862844,néon 21,10,11
Q2021125,néon 22,10,12
Q15146186,néon 23,10,13
Q14662251,néon 24,10,14
Q14662159,néon 25,10,15
Q15146180,néon 26,10,16
Q15146175,néon 27,10,17
Q18844526,néon 28,10,18
Q15146164,néon 29,10,19
Q18844527,néon 30,10,20
Q18844528,néon 31,10,21
Q18844529,néon 32,10,22
Q18844533,néon 33,10,23
Q18844535,néon 34,10,24
Q47456661,sodium 17,11,6
Q18844503,sodium 18,11,7
Q18844504,sodium 19,11,8
Q18844505,sodium 20,11,9
Q18844506,sodium 21,11,10
Q1926858,sodium 22,11,11
Q2265714,sodium 23,11,12
Q13099323,sodium 24,11,13
Q14639231,sodium 25,11,14
Q14639232,sodium 26,11,15
Q18844507,sodium 27,11,16
Q18844508,sodium 28,11,17
Q18844509,sodium 29,11,18
Q18844510,sodium 30,11,19
Q18844511,sodium 31,11,20
Q18844512,sodium 32,11,21
Q18844513,sodium 33,11,22
Q18844515,sodium 34,11,23
Q18844516,sodium 35,11,24
Q18844518,sodium 36,11,25
Q18844519,sodium 37,11,26
Q18844475,magnésium 19,12,7
Q18844477,magnésium 20,12,8
Q18844480,magnésium 21,12,9
Q18844481,magnésium 22,12,10
Q18844482,magnésium 23,12,11
Q2096096,magnésium 24,12,12
Q2796325,magnésium 25,12,13
Q13808814,magnésium 26,12,14
Q18844484,magnésium 27,12,15
Q18844485,magnésium 28,12,16
Q18844486,magnésium 29,12,17
Q18844487,magnésium 30,12,18
Q18844488,magnésium 31,12,19
Q18844490,magnésium 32,12,20
Q18844492,magnésium 33,12,21
Q18844493,magnésium 34,12,22
Q18844495,magnésium 35,12,23
Q18844496,magnésium 36,12,24
Q18844497,magnésium 37,12,25
Q18844499,magnésium 38,12,26
Q18844500,magnésium 39,12,27
Q18844501,magnésium 40,12,28
Q18844391,aluminium 19,13,6
Q18844393,aluminium 20,13,7
Q18844394,aluminium 21,13,8
Q18844395,aluminium 22,13,9
Q18844397,aluminium 23,13,10
Q18844398,aluminium 24,13,11
Q18844399,aluminium 25,13,12
Q1985521,aluminium 26,13,13
Q2225512,aluminium 27,13,14
Q18844401,aluminium 28,13,15
Q18844403,aluminium 29,13,16
Q18844404,aluminium 30,13,17
Q18844405,aluminium 31,13,18
Q18844407,aluminium 32,13,19
Q18844408,aluminium 33,13,20
Q18844409,aluminium 34,13,21
Q18844410,aluminium 35,13,22
Q18844411,aluminium 36,13,23
Q18844412,aluminium 37,13,24
Q18844414,aluminium 38,13,25
Q18844416,aluminium 39,13,26
Q18844417,aluminium 40,13,27
Q18844418,aluminium 41,13,28
Q18844420,aluminium 42,13,29
Q47456701,aluminium 43,13,30
Q18844590,silicium 22,14,8
Q18844593,silicium 23,14,9
Q18844595,silicium 24,14,10
Q18844596,silicium 25,14,11
Q18844597,silicium 26,14,12
Q18844598,silicium 27,14,13
Q2236831,silicium 28,14,14
Q3410389,silicium 29,14,15
Q14338840,silicium 30,14,16
Q1908917,silicium 31,14,17
Q2171387,silicium 32,14,18
Q18844599,silicium 33,14,19
Q18844600,silicium 34,14,20
Q18844601,silicium 35,14,21
Q18844603,silicium 36,14,22
Q18844604,silicium 37,14,23
Q18844605,silicium 38,14,24
Q18844606,silicium 39,14,25
Q18844607,silicium 40,14,26
Q18844608,silicium 41,14,27
Q3483871,silicium 42,14,28
Q18844610,silicium 43,14,29
Q18844611,silicium 44,14,30
Q47456755,silicium 45,14,31
Q18844541,phosphore 24,15,9
Q18844543,phosphore 25,15,10
Q18844544,phosphore 26,15,11
Q18844545,phosphore 27,15,12
Q18844546,phosphore 28,15,13
Q18844548,phosphore 29,15,14
Q2380743,phosphore 30,15,15
Q2459552,phosphore 31,15,16
Q2174657,phosphore 32,15,17
Q2721043,phosphore 33,15,18
Q18844549,phosphore 34,15,19
Q18844550,phosphore 35,15,20
Q18844552,phosphore 36,15,21
Q18844553,phosphore 37,15,22
Q18844554,phosphore 38,15,23
Q18844555,phosphore 39,15,24
Q18844558,phosphore 40,15,25
Q18844559,phosphore 41,15,26
Q18844561,phosphore 42,15,27
Q18844562,phosphore 43,15,28
Q18844563,phosphore 44,15,29
Q18844565,phosphore 45,15,30
Q18844566,phosphore 46,15,31
Q47456756,phosphore 47,15,32
Q18844567,soufre 26,16,10
Q18844569,soufre 27,16,11
Q18844570,soufre 28,16,12
Q18844572,soufre 29,16,13
Q18844573,soufre 30,16,14
Q2359934,soufre 31,16,15
Q2375775,soufre 32,16,16
Q2055815,soufre 33,16,17
Q1880449,soufre 34,16,18
Q2311880,soufre 35,16,19
Q2881932,soufre 36,16,20
Q18844574,soufre 37,16,21
Q18844575,soufre 38,16,22
Q18844576,soufre 39,16,23
Q18844577,soufre 40,16,24
Q18844578,soufre 41,16,25
Q18844579,soufre 42,16,26
Q18844581,soufre 43,16,27
Q18844582,soufre 44,16,28
Q18844583,soufre 45,16,29
Q18844584,soufre 46,16,30
Q18844585,soufre 47,16,31
Q18844586,soufre 48,16,32
Q18844589,soufre 49,16,33
Q18844435,chlore 28,17,11
Q18844436,chlore 29,17,12
Q18844438,chlore 30,17,13
Q18844439,chlore 31,17,14
Q18844440,chlore 32,17,15
Q18844442,chlore 33,17,16
Q18844445,chlore 34,17,17
Q2783861,chlore 35,17,18
Q2324121,chlore 36,17,19
Q5102949,chlore 37,17,20
Q2567844,chlore 38,17,21
Q13465046,chlore 39,17,22
Q13465047,chlore 40,17,23
Q13465048,chlore 41,17,24
Q13465049,chlore 42,17,25
Q13465050,chlore 43,17,26
Q18844447,chlore 44,17,27
Q18844448,chlore 45,17,28
Q18844449,chlore 46,17,29
Q18844451,chlore 47,17,30
Q18844452,chlore 48,17,31
Q18844455,chlore 49,17,32
Q18844456,chlore 50,17,33
Q18844458,chlore 51,17,34
Q18844421,argon 30,18,12
Q18844422,argon 31,18,13
Q18844423,argon 32,18,14
Q18844424,argon 33,18,15
Q18844425,argon 34,18,16
Q18844426,argon 35,18,17
Q2019992,argon 36,18,18
Q4514598,argon 37,18,19
Q2801372,argon 38,18,20
Q1928577,argon 39,18,21
Q1929004,argon 40,18,22
Q13430431,argon 41,18,23
Q2417867,argon 42,18,24
Q13430432,argon 43,18,25
Q13430433,argon 44,18,26
Q13430435,argon 45,18,27
Q13430436,argon 46,18,28
Q13430438,argon 47,18,29
Q13430440,argon 48,18,30
Q18844427,argon 49,18,31
Q18844428,argon 50,18,32
Q18844430,argon 51,18,33
Q18844431,argon 52,18,34
Q18844432,argon 53,18,35
Q18845000,potassium 32,19,13
Q18845001,potassium 33,19,14
Q18845003,potassium 34,19,15
Q18845004,potassium 35,19,16
Q18845005,potassium 36,19,17
Q18845007,potassium 37,19,18
Q18845008,potassium 38,19,19
Q2023226,potassium 39,19,20
Q2251076,potassium 40,19,21
Q2956910,potassium 41,19,22
Q18878392,potassium 42,19,23
Q18845009,potassium 43,19,24
Q18845010,potassium 44,19,25
Q18845011,potassium 45,19,26
Q18845012,potassium 46,19,27
Q18845013,potassium 47,19,28
Q18845014,potassium 48,19,29
Q18845015,potassium 49,19,30
Q18845017,potassium 50,19,31
Q18845019,potassium 51,19,32
Q18845021,potassium 52,19,33
Q18845022,potassium 53,19,34
Q18845023,potassium 54,19,35
Q18845024,potassium 55,19,36
Q47456761,potassium 56,19,37
Q18844826,calcium 34,20,14
Q18844827,calcium 35,20,15
Q18844828,calcium 36,20,16
Q18844829,calcium 37,20,17
Q18844830,calcium 38,20,18
Q18844831,calcium 39,20,19
Q2376511,calcium 40,20,20
Q1994101,calcium 41,20,21
Q2728105,calcium 42,20,22
Q2103298,calcium 43,20,23
Q3027367,calcium 44,20,24
Q18844832,calcium 45,20,25
Q4845109,calcium 46,20,26
Q18844833,calcium 47,20,27
Q659024,calcium 48,20,28
Q18844834,calcium 49,20,29
Q18844835,calcium 50,20,30
Q18844836,calcium 51,20,31
Q18844837,calcium 52,20,32
Q18844838,calcium 53,20,33
Q18844839,calcium 54,20,34
Q18844840,calcium 55,20,35
Q18844841,calcium 56,20,36
Q18844842,calcium 57,20,37
Q47456763,calcium 58,20,38
Q18845108,scandium 36,21,15
Q18845109,scandium 37,21,16
Q18845110,scandium 38,21,17
Q18845111,scandium 39,21,18
Q18845112,scandium 40,21,19
Q18845114,scandium 41,21,20
Q18845115,scandium 42,21,21
Q18845116,scandium 43,21,22
Q18845117,scandium 44,21,23
Q1975917,scandium 45,21,24
Q1933984,scandium 46,21,25
Q2451711,scandium 47,21,26
Q18845118,scandium 48,21,27
Q18845119,scandium 49,21,28
Q18845120,scandium 50,21,29
Q18845121,scandium 51,21,30
Q18845123,scandium 52,21,31
Q18845124,scandium 53,21,32
Q18845125,scandium 54,21,33
Q18845126,scandium 55,21,34
Q18845127,scandium 56,21,35
Q18845129,scandium 57,21,36
Q18845131,scandium 58,21,37
Q18845132,scandium 59,21,38
Q18845133,scandium 60,21,39
Q47456764,scandium 61,21,40
Q18845162,titane 38,22,16
Q18845163,titane 39,22,17
Q18845164,titane 40,22,18
Q18845165,titane 41,22,19
Q18845166,titane 42,22,20
Q18845167,titane 43,22,21
Q12646394,titane 44,22,22
Q18845169,titane 45,22,23
Q2694202,titane 46,22,24
Q2484855,titane 47,22,25
Q2467450,titane 48,22,26
Q2482282,titane 49,22,27
Q2269284,titane 50,22,28
Q18845170,titane 51,22,29
Q18845171,titane 52,22,30
Q18845172,titane 53,22,31
Q18845173,titane 54,22,32
Q18845174,titane 55,22,33
Q18845176,titane 56,22,34
Q18845177,titane 57,22,35
Q18845178,titane 58,22,36
Q18845180,titane 59,22,37
Q18845181,titane 60,22,38
Q18845182,titane 61,22,39
Q18845184,titane 62,22,40
Q18845185,titane 63,22,41
Q47456765,titane 64,22,42
Q18845186,vanadium 40,23,17
Q18845187,vanadium 41,23,18
Q18845188,vanadium 42,23,19
Q18845189,vanadium 43,23,20
Q18845190,vanadium 44,23,21
Q18845191,vanadium 45,23,22
Q18845192,vanadium 46,23,23
Q18845193,vanadium 47,23,24
Q18845194,vanadium 48,23,25
Q18845195,vanadium 49,23,26
Q4504994,vanadium 50,23,27
Q1931262,vanadium 51,23,28
Q18845196,vanadium 52,23,29
Q18845197,vanadium 53,23,30
Q18845198,vanadium 54,23,31
Q18845199,vanadium 55,23,32
Q18845200,vanadium 56,23,33
Q18845201,vanadium 57,23,34
Q18845202,vanadium 58,23,35
Q18845203,vanadium 59,23,36
Q18845204,vanadium 60,23,37
Q18845205,vanadium 61,23,38
Q18845206,vanadium 62,23,39
Q18845207,vanadium 63,23,40
Q18845208,vanadium 64,23,41
Q18845209,vanadium 65,23,42
Q47456768,vanadium 66,23,43
Q47456769,vanadium 67,23,44
Q18844871,chrome 42,24,18
Q18844872,chrome 43,24,19
Q18844873,chrome 44,24,20
Q18844874,chrome 45,24,21
Q18844875,chrome 46,24,22
Q18844876,chrome 47,24,23
Q18844877,chrome 48,24,24
Q18844878,chrome 49,24,25
Q2424589,chrome 50,24,26
Q1973151,chrome 51,24,27
Q4469260,chrome 52,24,28
Q13466446,chrome 53,24,29
Q2239560,chrome 54,24,30
Q18844879,chrome 55,24,31
Q18844880,chrome 56,24,32
Q18844881,chrome 57,24,33
Q18844882,chrome 58,24,34
Q18844883,chrome 59,24,35
Q18844884,chrome 60,24,36
Q18844885,chrome 61,24,37
Q18844886,chrome 62,24,38
Q18844887,chrome 63,24,39
Q18844888,chrome 64,24,40
Q18844889,chrome 65,24,41
Q18844890,chrome 66,24,42
Q18844891,chrome 67,24,43
Q47456770,chrome 68,24,44
Q47456773,chrome 69,24,45
Q47456774,chrome 70,24,46
Q18845059,manganèse 44,25,19
Q18845060,manganèse 45,25,20
Q18845061,manganèse 46,25,21
Q18845062,manganèse 47,25,22
Q18845063,manganèse 48,25,23
Q18845064,manganèse 49,25,24
Q18845065,manganèse 50,25,25
Q18845067,manganèse 51,25,26
Q18845069,manganèse 52,25,27
Q2371411,manganèse 53,25,28
Q18845070,manganèse 54,25,29
Q13811964,manganèse 55,25,30
Q18845071,manganèse 56,25,31
Q18845072,manganèse 57,25,32
Q18845073,manganèse 58,25,33
Q18845074,manganèse 59,25,34
Q18845075,manganèse 60,25,35
Q18845076,manganèse 61,25,36
Q18845077,manganèse 62,25,37
Q18845078,manganèse 63,25,38
Q18845079,manganèse 64,25,39
Q18845080,manganèse 65,25,40
Q18845081,manganèse 66,25,41
Q18845082,manganèse 67,25,42
Q18845083,manganèse 68,25,43
Q18845084,manganèse 69,25,44
Q47456775,manganèse 70,25,45
Q47456777,manganèse 71,25,46
Q47456782,manganèse 72,25,47
Q18844925,fer 45,26,19
Q18844926,fer 46,26,20
Q18844927,fer 47,26,21
Q18844928,fer 48,26,22
Q18844929,fer 49,26,23
Q18844930,fer 50,26,24
Q18844931,fer 51,26,25
Q14646208,fer 52,26,26
Q14646209,fer 53,26,27
Q2696892,fer 54,26,28
Q2015910,fer 55,26,29
Q1052454,fer 56,26,30
Q14744877,fer 57,26,31
Q2704780,fer 58,26,32
Q18844934,fer 59,26,33
Q1950935,fer 60,26,34
Q18844935,fer 61,26,35
Q18844936,fer 62,26,36
Q18844938,fer 63,26,37
Q18844939,fer 64,26,38
Q18844940,fer 65,26,39
Q18844941,fer 66,26,40
Q18844942,fer 67,26,41
Q18844943,fer 68,26,42
Q18844944,fer 69,26,43
Q18844945,fer 70,26,44
Q18844947,fer 71,26,45
Q18844948,fer 72,26,46
Q47456784,fer 73,26,47
Q47456785,fer 74,26,48
Q47456786,fer 75,26,49
Q18844843,cobalt 47,27,20
Q18844844,cobalt 48,27,21
Q18844845,cobalt 49,27,22
Q18844846,cobalt 50,27,23
Q18844847,cobalt 51,27,24
Q18844848,cobalt 52,27,25
Q18844849,cobalt 53,27,26
Q18844850,cobalt 54,27,27
Q18844852,cobalt 55,27,28
Q18844853,cobalt 56,27,29
Q18844854,cobalt 57,27,30
Q18844855,cobalt 58,27,31
Q4350852,cobalt 59,27,32
Q932960,cobalt 60,27,33
Q18844856,cobalt 61,27,34
Q18844857,cobalt 62,27,35
Q18844858,cobalt 63,27,36
Q18844859,cobalt 64,27,37
Q18844860,cobalt 65,27,38
Q18844861,cobalt 66,27,39
Q18844862,cobalt 67,27,40
Q18844863,cobalt 68,27,41
Q18844864,cobalt 69,27,42
Q18844865,cobalt 70,27,43
Q18844866,cobalt 71,27,44
Q18844867,cobalt 72,27,45
Q18844868,cobalt 73,27,46
Q18844869,cobalt 74,27,47
Q18844870,cobalt 75,27,48
Q47456790,cobalt 76,27,49
Q47456793,cobalt 77,27,50
Q3339818,nickel 48,28,20
Q18845085,nickel 49,28,21
Q18845086,nickel 50,28,22
Q18845087,nickel 51,28,23
Q18845088,nickel 52,28,24
Q18845089,nickel 53,28,25
Q18845090,nickel 54,28,26
Q18845091,nickel 55,28,27
Q3339820,nickel 56,28,28
Q18845092,nickel 57,28,29
Q2424204,nickel 58,28,30
Q2144274,nickel 59,28,31
Q2103496,nickel 60,28,32
Q2468639,nickel 61,28,33
Q284149,nickel 62,28,34
Q3339822,nickel 63,28,35
Q5459468,nickel 64,28,36
Q18845093,nickel 65,28,37
Q18845094,nickel 66,28,38
Q18845095,nickel 67,28,39
Q18845096,nickel 68,28,40
Q18845098,nickel 69,28,41
Q18845099,nickel 70,28,42
Q18845100,nickel 71,28,43
Q18845101,nickel 72,28,44
Q18845102,nickel 73,28,45
Q18845103,nickel 74,28,46
Q18845104,nickel 75,28,47
Q18845105,nickel 76,28,48
Q18845106,nickel 77,28,49
Q18845107,nickel 78,28,50
Q47456797,nickel 79,28,51
Q47456801,nickel 80,28,52
Q18844892,cuivre 52,29,23
Q18844893,cuivre 53,29,24
Q18844894,cuivre 54,29,25
Q18844895,cuivre 55,29,26
Q18844896,cuivre 56,29,27
Q18844897,cuivre 57,29,28
Q18844898,cuivre 58,29,29
Q18844899,cuivre 59,29,30
Q1945437,cuivre 60,29,31
Q2787140,cuivre 61,29,32
Q2217687,cuivre 62,29,33
Q3031418,cuivre 63,29,34
Q4847079,cuivre 64,29,35
Q2557191,cuivre 65,29,36
Q18844900,cuivre 66,29,37
Q18844901,cuivre 67,29,38
Q18844903,cuivre 68,29,39
Q18844904,cuivre 69,29,40
Q18844906,cuivre 70,29,41
Q18844908,cuivre 71,29,42
Q18844910,cuivre 72,29,43
Q18844911,cuivre 73,29,44
Q18844912,cuivre 74,29,45
Q18844913,cuivre 75,29,46
Q18844915,cuivre 76,29,47
Q18844918,cuivre 77,29,48
Q18844920,cuivre 78,29,49
Q18844921,cuivre 79,29,50
Q18844924,cuivre 80,29,51
Q47456804,cuivre 81,29,52
Q47456807,cuivre 82,29,53
Q18845210,zinc 54,30,24
Q18845211,zinc 55,30,25
Q18845212,zinc 56,30,26
Q18845213,zinc 57,30,27
Q18845214,zinc 58,30,28
Q18845215,zinc 59,30,29
Q18845216,zinc 60,30,30
Q18845217,zinc 61,30,31
Q18845218,zinc 62,30,32
Q18845219,zinc 63,30,33
Q2133737,zinc 64,30,34
Q18845220,zinc 65,30,35
Q4046116,zinc 66,30,36
Q2423143,zinc 67,30,37
Q8072263,zinc 68,30,38
Q18845221,zinc 69,30,39
Q2284519,zinc 70,30,40
Q18845222,zinc 71,30,41
Q18845223,zinc 72,30,42
Q18845224,zinc 73,30,43
Q18845225,zinc 74,30,44
Q18845226,zinc 75,30,45
Q18845227,zinc 76,30,46
Q18845228,zinc 77,30,47
Q18845229,zinc 78,30,48
Q18845230,zinc 79,30,49
Q18845231,zinc 80,30,50
Q18845232,zinc 81,30,51
Q18845233,zinc 82,30,52
Q18845234,zinc 83,30,53
Q47456814,zinc 84,30,54
Q47456818,zinc 85,30,55
Q18844949,gallium 56,31,25
Q18844950,gallium 57,31,26
Q18844951,gallium 58,31,27
Q18844952,gallium 59,31,28
Q18844953,gallium 60,31,29
Q18844954,gallium 61,31,30
Q18844955,gallium 62,31,31
Q18844956,gallium 63,31,32
Q18844957,gallium 64,31,33
Q18844958,gallium 65,31,34
Q18844959,gallium 66,31,35
Q2233805,gallium 67,31,36
Q2516934,gallium 68,31,37
Q4738844,gallium 69,31,38
Q18844960,gallium 70,31,39
Q2311889,gallium 71,31,40
Q18844961,gallium 72,31,41
Q18844962,gallium 73,31,42
Q18844963,gallium 74,31,43
Q18844964,gallium 75,31,44
Q18844965,gallium 76,31,45
Q18844966,gallium 77,31,46
Q18844967,gallium 78,31,47
Q18844968,gallium 79,31,48
Q18844969,gallium 80,31,49
Q18844970,gallium 81,31,50
Q18844971,gallium 82,31,51
Q18844972,gallium 83,31,52
Q18844973,gallium 84,31,53
Q18844974,gallium 85,31,54
Q18844976,gallium 86,31,55
Q47456822,gallium 87,31,56
Q18844977,germanium 58,32,26
Q18844978,germanium 59,32,27
Q18844979,germanium 60,32,28
Q18844980,germanium 61,32,29
Q18844981,germanium 62,32,30
Q18844982,germanium 63,32,31
Q18844983,germanium 64,32,32
Q18844984,germanium 65,32,33
Q18844985,germanium 66,32,34
Q2793808,germanium 67,32,35
Q2256332,germanium 68,32,36
Q1863356,germanium 69,32,37
Q2674362,germanium 70,32,38
Q13641815,germanium 71,32,39
Q2035731,germanium 72,32,40
Q2437511,germanium 73,32,41
Q2531608,germanium 74,32,42
Q2097198,germanium 75,32,43
Q2190009,germanium 76,32,44
Q18844986,germanium 77,32,45
Q18844987,germanium 78,32,46
Q18844988,germanium 79,32,47
Q18844989,germanium 80,32,48
Q18844990,germanium 81,32,49
Q18844991,germanium 82,32,50
Q18844992,germanium 83,32,51
Q18844993,germanium 84,32,52
Q18844995,germanium 85,32,53
Q18844996,germanium 86,32,54
Q18844997,germanium 87,32,55
Q18844998,germanium 88,32,56
Q18844999,germanium 89,32,57
Q47456825,germanium 90,32,58
Q18844773,arsenic 60,33,27
Q18844774,arsenic 61,33,28
Q18844775,arsenic 62,33,29
Q18844776,arsenic 63,33,30
Q18844777,arsenic 64,33,31
Q18844778,arsenic 65,33,32
Q18844779,arsenic 66,33,33
Q18844780,arsenic 67,33,34
Q18844781,arsenic 68,33,35
Q18844783,arsenic 69,33,36
Q18844784,arsenic 70,33,37
Q18844785,arsenic 71,33,38
Q18844786,arsenic 72,33,39
Q1925145,arsenic 73,33,40
Q2656510,arsenic 74,33,41
Q4942137,arsenic 75,33,42
Q2070638,arsenic 76,33,43
Q2275555,arsenic 77,33,44
Q2168343,arsenic 78,33,45
Q13430582,arsenic 79,33,46
Q1922492,arsenic 80,33,47
Q13430583,arsenic 81,33,48
Q5490365,arsenic 82,33,49
Q18844787,arsenic 83,33,50
Q18844788,arsenic 84,33,51
Q18844789,arsenic 85,33,52
Q18844790,arsenic 86,33,53
Q18844791,arsenic 87,33,54
Q18844792,arsenic 88,33,55
Q18844793,arsenic 89,33,56
Q18844794,arsenic 90,33,57
Q18844795,arsenic 91,33,58
Q18844796,arsenic 92,33,59
Q47456766,sélénium 64,34,30
Q18845135,sélénium 65,34,31
Q18845136,sélénium 66,34,32
Q18845137,sélénium 67,34,33
Q18845141,sélénium 68,34,34
Q18845144,sélénium 69,34,35
Q18845146,sélénium 70,34,36
Q18845147,sélénium 71,34,37
Q18845148,sélénium 72,34,38
Q18845149,sélénium 73,34,39
Q2806682,sélénium 74,34,40
Q2746539,sélénium 75,34,41
Q2533598,sélénium 76,34,42
Q2433972,sélénium 77,34,43
Q1890759,sélénium 78,34,44
Q2984382,sélénium 79,34,45
Q2387529,sélénium 80,34,46
Q1852256,sélénium 81,34,47
Q2290353,sélénium 82,34,48
Q18845150,sélénium 83,34,49
Q18845151,sélénium 84,34,50
Q18845152,sélénium 85,34,51
Q18845153,sélénium 86,34,52
Q18845154,sélénium 87,34,53
Q18845155,sélénium 88,34,54
Q18845156,sélénium 89,34,55
Q18845157,sélénium 90,34,56
Q18845158,sélénium 91,34,57
Q18845159,sélénium 92,34,58
Q18845160,sélénium 93,34,59
Q18845161,sélénium 94,34,60
Q47456831,sélénium 95,34,61
Q18844797,brome 66,35,31
Q18844798,brome 67,35,32
Q18844799,brome 68,35,33
Q18844800,brome 69,35,34
Q18844801,brome 70,35,35
Q18844802,brome 71,35,36
Q18844803,brome 72,35,37
Q18844804,brome 73,35,38
Q18844806,brome 74,35,39
Q18844807,brome 75,35,40
Q18844808,brome 76,35,41
Q2303018,brome 77,35,42
Q1879633,brome 78,35,43
Q2311128,brome 79,35,44
Q2139073,brome 80,35,45
Q2342633,brome 81,35,46
Q18844809,brome 82,35,47
Q18844810,brome 83,35,48
Q18844811,brome 84,35,49
Q18844813,brome 85,35,50
Q18844814,brome 86,35,51
Q18844815,brome 87,35,52
Q18844816,brome 88,35,53
Q18844817,brome 89,35,54
Q18844818,brome 90,35,55
Q18844819,brome 91,35,56
Q18844820,brome 92,35,57
Q18844821,brome 93,35,58
Q18844822,brome 94,35,59
Q18844823,brome 95,35,60
Q18844824,brome 96,35,61
Q18844825,brome 97,35,62
Q47456833,brome 98,35,63
Q18845028,krypton 69,36,33
Q18845029,krypton 70,36,34
Q18845031,krypton 71,36,35
Q18845032,krypton 72,36,36
Q18845033,krypton 73,36,37
Q18845036,krypton 74,36,38
Q18845037,krypton 75,36,39
Q18845039,krypton 76,36,40
Q18845041,krypton 77,36,41
Q2318626,krypton 78,36,42
Q18845042,krypton 79,36,43
Q2071481,krypton 80,36,44
Q18845044,krypton 81,36,45
Q2558547,krypton 82,36,46
Q1921298,krypton 83,36,47
Q2163590,krypton 84,36,48
Q2219142,krypton 85,36,49
Q2195058,krypton 86,36,50
Q18845045,krypton 87,36,51
Q18845046,krypton 88,36,52
Q18845047,krypton 89,36,53
Q18845048,krypton 90,36,54
Q18845050,krypton 91,36,55
Q18845051,krypton 92,36,56
Q18845052,krypton 93,36,57
Q18845053,krypton 94,36,58
Q18845054,krypton 95,36,59
Q18845055,krypton 96,36,60
Q18845056,krypton 97,36,61
Q18845057,krypton 98,36,62
Q18845058,krypton 99,36,63
Q18845025,krypton 100,36,64
Q18845026,krypton 101,36,65
Q18845236,rubidium 71,37,34
Q18845237,rubidium 72,37,35
Q18845238,rubidium 73,37,36
Q18845239,rubidium 74,37,37
Q18845240,rubidium 75,37,38
Q18845241,rubidium 76,37,39
Q18845242,rubidium 77,37,40
Q18845243,rubidium 78,37,41
Q18845244,rubidium 79,37,42
Q2789066,rubidium 80,37,43
Q2799631,rubidium 81,37,44
Q2860122,rubidium 82,37,45
Q2302007,rubidium 83,37,46
Q2575578,rubidium 84,37,47
Q2171949,rubidium 85,37,48
Q2142068,rubidium 86,37,49
Q2019749,rubidium 87,37,50
Q2231227,rubidium 88,37,51
Q2273763,rubidium 89,37,52
Q1979192,rubidium 90,37,53
Q2594229,rubidium 91,37,54
Q18845245,rubidium 92,37,55
Q18845246,rubidium 93,37,56
Q18845247,rubidium 94,37,57
Q18845248,rubidium 95,37,58
Q18845249,rubidium 96,37,59
Q18845251,rubidium 97,37,60
Q18845252,rubidium 98,37,61
Q18845253,rubidium 99,37,62
Q18845254,rubidium 100,37,63
Q18845255,rubidium 101,37,64
Q18845256,rubidium 102,37,65
Q47456839,rubidium 103,37,66
Q18845257,strontium 73,38,35
Q18845258,strontium 74,38,36
Q18845259,strontium 75,38,37
Q18845260,strontium 76,38,38
Q18845262,strontium 77,38,39
Q18845263,strontium 78,38,40
Q18845264,strontium 79,38,41
Q18845265,strontium 80,38,42
Q18845266,strontium 81,38,43
Q18845267,strontium 82,38,44
Q18845268,strontium 83,38,45
Q2226267,strontium 84,38,46
Q18845269,strontium 85,38,47
Q2267980,strontium 86,38,48
Q4300037,strontium 87,38,49
Q3355112,strontium 88,38,50
Q2404445,strontium 89,38,51
Q544529,strontium 90,38,52
Q18845271,strontium 91,38,53
Q18845272,strontium 92,38,54
Q18845273,strontium 93,38,55
Q18845274,strontium 94,38,56
Q18845275,strontium 95,38,57
Q18845276,strontium 96,38,58
Q18845277,strontium 97,38,59
Q18845279,strontium 98,38,60
Q18845280,strontium 99,38,61
Q18845281,strontium 100,38,62
Q18845282,strontium 101,38,63
Q18845284,strontium 102,38,64
Q18845286,strontium 103,38,65
Q18845287,strontium 104,38,66
Q18845291,strontium 105,38,67
Q47456842,strontium 106,38,68
Q47456843,strontium 107,38,69
Q47456787,yttrium 75,39,36
Q18845293,yttrium 76,39,37
Q18845294,yttrium 77,39,38
Q18845295,yttrium 78,39,39
Q18845296,yttrium 79,39,40
Q18845297,yttrium 80,39,41
Q18845298,yttrium 81,39,42
Q18845299,yttrium 82,39,43
Q18845300,yttrium 83,39,44
Q18845301,yttrium 84,39,45
Q18845302,yttrium 85,39,46
Q18845303,yttrium 86,39,47
Q18845304,yttrium 87,39,48
Q18845305,yttrium 88,39,49
Q2581836,yttrium 89,39,50
Q2650092,yttrium 90,39,51
Q14524523,yttrium 91,39,52
Q14524524,yttrium 92,39,53
Q2619031,yttrium 93,39,54
Q2193535,yttrium 94,39,55
Q2637868,yttrium 95,39,56
Q2014300,yttrium 96,39,57
Q18845306,yttrium 97,39,58
Q18845308,yttrium 98,39,59
Q18845309,yttrium 99,39,60
Q18845310,yttrium 100,39,61
Q18845311,yttrium 101,39,62
Q18845312,yttrium 102,39,63
Q18845313,yttrium 103,39,64
Q18845314,yttrium 104,39,65
Q18845315,yttrium 105,39,66
Q18845316,yttrium 106,39,67
Q18845317,yttrium 107,39,68
Q18845318,yttrium 108,39,69
Q47456846,yttrium 109,39,70
Q47456796,zirconium 77,40,37
Q18845319,zirconium 78,40,38
Q18845320,zirconium 79,40,39
Q18845322,zirconium 80,40,40
Q18845323,zirconium 81,40,41
Q18845324,zirconium 82,40,42
Q18845326,zirconium 83,40,43
Q18845327,zirconium 84,40,44
Q18845328,zirconium 85,40,45
Q18845329,zirconium 86,40,46
Q18845330,zirconium 87,40,47
Q18845331,zirconium 88,40,48
Q18845332,zirconium 89,40,49
Q2090546,zirconium 90,40,50
Q2328556,zirconium 91,40,51
Q2706395,zirconium 92,40,52
Q18845334,zirconium 93,40,53
Q4808461,zirconium 94,40,54
Q18845335,zirconium 95,40,55
Q2606117,zirconium 96,40,56
Q18845336,zirconium 97,40,57
Q18845337,zirconium 98,40,58
Q18845338,zirconium 99,40,59
Q18845339,zirconium 100,40,60
Q18845340,zirconium 101,40,61
Q18845341,zirconium 102,40,62
Q18845342,zirconium 103,40,63
Q18845343,zirconium 104,40,64
Q18845344,zirconium 105,40,65
Q18845345,zirconium 106,40,66
Q18845346,zirconium 107,40,67
Q18845347,zirconium 108,40,68
Q18845348,zirconium 109,40,69
Q18845349,zirconium 110,40,70
Q47456848,zirconium 111,40,71
Q47456850,zirconium 112,40,72
Q47456800,niobium 79,41,38
Q47456803,niobium 80,41,39
Q18845350,niobium 81,41,40
Q18845351,niobium 82,41,41
Q18845352,niobium 83,41,42
Q18845353,niobium 84,41,43
Q18845355,niobium 85,41,44
Q18845356,niobium 86,41,45
Q18845357,niobium 87,41,46
Q18845358,niobium 88,41,47
Q18845359,niobium 89,41,48
Q18845360,niobium 90,41,49
Q2094372,niobium 91,41,50
Q4957445,niobium 92,41,51
Q2319025,niobium 93,41,52
Q2159642,niobium 94,41,53
Q18845361,niobium 95,41,54
Q18845362,niobium 96,41,55
Q18845363,niobium 97,41,56
Q18845364,niobium 98,41,57
Q18845365,niobium 99,41,58
Q18845366,niobium 100,41,59
Q18845367,niobium 101,41,60
Q18845368,niobium 102,41,61
Q18845369,niobium 103,41,62
Q18845371,niobium 104,41,63
Q18845373,niobium 105,41,64
Q18845374,niobium 106,41,65
Q18845375,niobium 107,41,66
Q18845376,niobium 108,41,67
Q18845377,niobium 109,41,68
Q18845378,niobium 110,41,69
Q18845379,niobium 111,41,70
Q18845381,niobium 112,41,71
Q18845382,niobium 113,41,72
Q47456855,niobium 114,41,73
Q47456857,niobium 115,41,74
Q47456805,molybdène 81,42,39
Q47456808,molybdène 82,42,40
Q18845383,molybdène 83,42,41
Q18845384,molybdène 84,42,42
Q18845385,molybdène 85,42,43
Q18845386,molybdène 86,42,44
Q18845387,molybdène 87,42,45
Q18845389,molybdène 88,42,46
Q18845390,molybdène 89,42,47
Q18845391,molybdène 90,42,48
Q18845392,molybdène 91,42,49
Q4499982,molybdène 92,42,50
Q18845393,molybdène 93,42,51
Q13860694,molybdène 94,42,52
Q3355387,molybdène 95,42,53
Q1928853,molybdène 96,42,54
Q2690215,molybdène 97,42,55
Q2019439,molybdène 98,42,56
Q2341055,molybdène 99,42,57
Q4689619,molybdène 100,42,58
Q18845394,molybdène 101,42,59
Q18845395,molybdène 102,42,60
Q18845396,molybdène 103,42,61
Q18845399,molybdène 104,42,62
Q18845400,molybdène 105,42,63
Q18845401,molybdène 106,42,64
Q18845402,molybdène 107,42,65
Q18845403,molybdène 108,42,66
Q18845404,molybdène 109,42,67
Q18845405,molybdène 110,42,68
Q18845408,molybdène 111,42,69
Q18845410,molybdène 112,42,70
Q18845412,molybdène 113,42,71
Q18845413,molybdène 114,42,72
Q18845414,molybdène 115,42,73
Q47456860,molybdène 116,42,74
Q47456863,molybdène 117,42,75
Q47456864,molybdène 118,42,76
Q47456810,technétium 83,43,40
Q47456815,technétium 84,43,41
Q18845415,technétium 85,43,42
Q18845416,technétium 86,43,43
Q18845417,technétium 87,43,44
Q18845418,technétium 88,43,45
Q18845419,technétium 89,43,46
Q18845420,technétium 90,43,47
Q18845421,technétium 91,43,48
Q18845422,technétium 92,43,49
Q18845424,technétium 93,43,50
Q18845426,technétium 94,43,51
Q18845428,technétium 95,43,52
Q18845430,technétium 96,43,53
Q18845431,technétium 97,43,54
Q2021112,technétium 98,43,55
Q1961418,technétium 99,43,56
Q18845432,technétium 100,43,57
Q18845434,technétium 101,43,58
Q18845435,technétium 102,43,59
Q18845436,technétium 103,43,60
Q18845437,technétium 104,43,61
Q18845438,technétium 105,43,62
Q18845439,technétium 106,43,63
Q18845440,technétium 107,43,64
Q18845441,technétium 108,43,65
Q18845442,technétium 109,43,66
Q18845443,technétium 110,43,67
Q18845444,technétium 111,43,68
Q18845445,technétium 112,43,69
Q18845446,technétium 113,43,70
Q18845447,technétium 114,43,71
Q18845448,technétium 115,43,72
Q18845449,technétium 116,43,73
Q18845450,technétium 117,43,74
Q18845451,technétium 118,43,75
Q47456865,technétium 119,43,76
Q47456868,technétium 120,43,77
Q47456871,technétium 121,43,78
Q47456819,ruthénium 85,44,41
Q47456821,ruthénium 86,44,42
Q18881007,ruthénium 87,44,43
Q18881009,ruthénium 88,44,44
Q18881011,ruthénium 89,44,45
Q18881013,ruthénium 90,44,46
Q18881014,ruthénium 91,44,47
Q18881017,ruthénium 92,44,48
Q18881018,ruthénium 93,44,49
Q18881021,ruthénium 94,44,50
Q18881024,ruthénium 95,44,51
Q2251024,ruthénium 96,44,52
Q2499088,ruthénium 97,44,53
Q2476375,ruthénium 98,44,54
Q3190653,ruthénium 99,44,55
Q2511176,ruthénium 100,44,56
Q14292039,ruthénium 101,44,57
Q3221068,ruthénium 102,44,58
Q2855890,ruthénium 103,44,59
Q2705828,ruthénium 104,44,60
Q2199746,ruthénium 105,44,61
Q5016017,ruthénium 106,44,62
Q2099136,ruthénium 107,44,63
Q2276062,ruthénium 108,44,64
Q4992297,ruthénium 109,44,65
Q2675212,ruthénium 110,44,66
Q18881028,ruthénium 111,44,67
Q18881029,ruthénium 112,44,68
Q18881030,ruthénium 113,44,69
Q18881032,ruthénium 114,44,70
Q18881033,ruthénium 115,44,71
Q18881034,ruthénium 116,44,72
Q18881035,ruthénium 117,44,73
Q18881036,ruthénium 118,44,74
Q18881037,ruthénium 119,44,75
Q18881039,ruthénium 120,44,76
Q47456875,ruthénium 121,44,77
Q47456877,ruthénium 122,44,78
Q47456879,ruthénium 123,44,79
Q47456886,ruthénium 124,44,80
Q47456824,rhodium 88,45,43
Q18881040,rhodium 89,45,44
Q18881042,rhodium 90,45,45
Q18881044,rhodium 91,45,46
Q18881046,rhodium 92,45,47
Q18881049,rhodium 93,45,48
Q18881050,rhodium 94,45,49
Q18881052,rhodium 95,45,50
Q18881054,rhodium 96,45,51
Q18881056,rhodium 97,45,52
Q18881058,rhodium 98,45,53
Q18881061,rhodium 99,45,54
Q18881063,rhodium 100,45,55
Q2752466,rhodium 101,45,56
Q14268000,rhodium 102,45,57
Q2672056,rhodium 103,45,58
Q18881072,rhodium 104,45,59
Q18881076,rhodium 105,45,60
Q18881078,rhodium 106,45,61
Q18881080,rhodium 107,45,62
Q18881084,rhodium 108,45,63
Q18881088,rhodium 109,45,64
Q18881089,rhodium 110,45,65
Q18881092,rhodium 111,45,66
Q18881093,rhodium 112,45,67
Q18881095,rhodium 113,45,68
Q18881096,rhodium 114,45,69
Q18881101,rhodium 115,45,70
Q18881102,rhodium 116,45,71
Q18881105,rhodium 117,45,72
Q18881106,rhodium 118,45,73
Q18881108,rhodium 119,45,74
Q18881110,rhodium 120,45,75
Q18881112,rhodium 121,45,76
Q18881113,rhodium 122,45,77
Q47456882,rhodium 123,45,78
Q47456888,rhodium 124,45,79
Q47456889,rhodium 125,45,80
Q47456892,rhodium 126,45,81
Q47456899,rhodium 127,45,82
Q47456828,palladium 90,46,44
Q18881114,palladium 91,46,45
Q18881115,palladium 92,46,46
Q18881116,palladium 93,46,47
Q18881118,palladium 94,46,48
Q18881122,palladium 95,46,49
Q18881124,palladium 96,46,50
Q18881126,palladium 97,46,51
Q18881127,palladium 98,46,52
Q18881129,palladium 99,46,53
Q18881131,palladium 100,46,54
Q18881132,palladium 101,46,55
Q2177150,palladium 102,46,56
Q1974171,palladium 103,46,57
Q1978569,palladium 104,46,58
Q2692839,palladium 105,46,59
Q2541204,palladium 106,46,60
Q3001204,palladium 107,46,61
Q2611037,palladium 108,46,62
Q4992935,palladium 109,46,63
Q2890340,palladium 110,46,64
Q18881142,palladium 111,46,65
Q18881145,palladium 112,46,66
Q18881147,palladium 113,46,67
Q18881149,palladium 114,46,68
Q18881150,palladium 115,46,69
Q18881154,palladium 116,46,70
Q18881156,palladium 117,46,71
Q18881164,palladium 118,46,72
Q18881167,palladium 119,46,73
Q18881168,palladium 120,46,74
Q18881169,palladium 121,46,75
Q18881170,palladium 122,46,76
Q18881171,palladium 123,46,77
Q18881172,palladium 124,46,78
Q18881173,palladium 125,46,79
Q18881175,palladium 126,46,80
Q47456900,palladium 127,46,81
Q18881179,palladium 128,46,82
Q47456902,palladium 129,46,83
Q47456829,argent 92,47,45
Q18881181,argent 93,47,46
Q18881182,argent 94,47,47
Q18881186,argent 95,47,48
Q18881190,argent 96,47,49
Q18881194,argent 97,47,50
Q18881197,argent 98,47,51
Q18881200,argent 99,47,52
Q18881202,argent 100,47,53
Q18881206,argent 101,47,54
Q2431807,argent 102,47,55
Q2335402,argent 103,47,56
Q2086582,argent 104,47,57
Q14527190,argent 105,47,58
Q2291687,argent 106,47,59
Q3204948,argent 107,47,60
Q1966541,argent 108,47,61
Q5518299,argent 109,47,62
Q18881219,argent 110,47,63
Q18881223,argent 111,47,64
Q18881225,argent 112,47,65
Q18881227,argent 113,47,66
Q18881230,argent 114,47,67
Q18881232,argent 115,47,68
Q18881234,argent 116,47,69
Q18881236,argent 117,47,70
Q18881238,argent 118,47,71
Q18881243,argent 119,47,72
Q18881245,argent 120,47,73
Q18881247,argent 121,47,74
Q18881248,argent 122,47,75
Q18881252,argent 123,47,76
Q18881254,argent 124,47,77
Q18881257,argent 125,47,78
Q18881258,argent 126,47,79
Q18881260,argent 127,47,80
Q18881261,argent 128,47,81
Q18881262,argent 129,47,82
Q18881264,argent 130,47,83
Q47456903,argent 131,47,84
Q47456904,argent 132,47,85
Q47456830,cadmium 94,48,46
Q18881266,cadmium 95,48,47
Q18881267,cadmium 96,48,48
Q18881268,cadmium 97,48,49
Q18881269,cadmium 98,48,50
Q18881271,cadmium 99,48,51
Q18881272,cadmium 100,48,52
Q18881273,cadmium 101,48,53
Q2334721,cadmium 102,48,54
Q2914747,cadmium 103,48,55
Q2126689,cadmium 104,48,56
Q2935981,cadmium 105,48,57
Q4342100,cadmium 106,48,58
Q3091017,cadmium 107,48,59
Q2413764,cadmium 108,48,60
Q4419716,cadmium 109,48,61
Q2549993,cadmium 110,48,62
Q2437333,cadmium 111,48,63
Q2040848,cadmium 112,48,64
Q4565030,cadmium 113,48,65
Q2604804,cadmium 114,48,66
Q2581515,cadmium 115,48,67
Q2710911,cadmium 116,48,68
Q18881281,cadmium 117,48,69
Q18881284,cadmium 118,48,70
Q18881285,cadmium 119,48,71
Q18881287,cadmium 120,48,72
Q18881288,cadmium 121,48,73
Q18881290,cadmium 122,48,74
Q18881291,cadmium 123,48,75
Q18881293,cadmium 124,48,76
Q18881294,cadmium 125,48,77
Q18881296,cadmium 126,48,78
Q18881297,cadmium 127,48,79
Q18881298,cadmium 128,48,80
Q18881299,cadmium 129,48,81
Q18881301,cadmium 130,48,82
Q18881302,cadmium 131,48,83
Q18881303,cadmium 132,48,84
Q47456905,cadmium 133,48,85
Q47456913,cadmium 134,48,86
Q47456832,indium 96,49,47
Q18881306,indium 97,49,48
Q18881307,indium 98,49,49
Q18881310,indium 99,49,50
Q15846540,indium 100,49,51
Q18881312,indium 101,49,52
Q18881314,indium 102,49,53
Q2168154,indium 103,49,54
Q2674406,indium 104,49,55
Q2787418,indium 105,49,56
Q2177366,indium 106,49,57
Q1973074,indium 107,49,58
Q2677167,indium 108,49,59
Q2944016,indium 109,49,60
Q2779454,indium 110,49,61
Q6025171,indium 111,49,62
Q2225628,indium 112,49,63
Q2322760,indium 113,49,64
Q1907351,indium 114,49,65
Q2489248,indium 115,49,66
Q18881344,indium 116,49,67
Q18881348,indium 117,49,68
Q18881351,indium 118,49,69
Q18881355,indium 119,49,70
Q18881360,indium 120,49,71
Q18881366,indium 121,49,72
Q18881369,indium 122,49,73
Q18881374,indium 123,49,74
Q18881376,indium 124,49,75
Q18881380,indium 125,49,76
Q18881383,indium 126,49,77
Q18881386,indium 127,49,78
Q18881389,indium 128,49,79
Q18881392,indium 129,49,80
Q18881396,indium 130,49,81
Q18881401,indium 131,49,82
Q18881407,indium 132,49,83
Q18881408,indium 133,49,84
Q18881410,indium 134,49,85
Q18881412,indium 135,49,86
Q47456914,indium 136,49,87
Q47456916,indium 137,49,88
Q18845452,étain 99,50,49
Q3591626,étain 100,50,50
Q13217207,étain 101,50,51
Q18845454,étain 102,50,52
Q4989873,étain 103,50,53
Q2678872,étain 104,50,54
Q2243799,étain 105,50,55
Q2648599,étain 106,50,56
Q1964392,étain 107,50,57
Q2871951,étain 108,50,58
Q2335855,étain 109,50,59
Q1984298,étain 110,50,60
Q1858113,étain 111,50,61
Q2277116,étain 112,50,62
Q2496752,étain 113,50,63
Q2191216,étain 114,50,64
Q3039718,étain 115,50,65
Q1995851,étain 116,50,66
Q4970255,étain 117,50,67
Q2122600,étain 118,50,68
Q2140731,étain 119,50,69
Q2347800,étain 120,50,70
Q5618951,étain 121,50,71
Q1895278,étain 122,50,72
Q2533714,étain 123,50,73
Q2695937,étain 124,50,74
Q2046259,étain 125,50,75
Q14493104,étain 126,50,76
Q18845482,étain 127,50,77
Q18845484,étain 128,50,78
Q18845485,étain 129,50,79
Q18845486,étain 130,50,80
Q18845487,étain 131,50,81
Q18845488,étain 132,50,82
Q18845489,étain 133,50,83
Q18845490,étain 134,50,84
Q18845491,étain 135,50,85
Q18845492,étain 136,50,86
Q18845493,étain 137,50,87
Q47456917,étain 138,50,88
Q47456921,étain 139,50,89
Q18881491,antimoine 103,51,52
Q18881494,antimoine 104,51,53
Q18881495,antimoine 105,51,54
Q18881496,antimoine 106,51,55
Q2295705,antimoine 107,51,56
Q1829387,antimoine 108,51,57
Q2689938,antimoine 109,51,58
Q2109290,antimoine 110,51,59
Q2391050,antimoine 111,51,60
Q4345750,antimoine 112,51,61
Q2367434,antimoine 113,51,62
Q4673584,antimoine 114,51,63
Q2754016,antimoine 115,51,64
Q1941551,antimoine 116,51,65
Q3029072,antimoine 117,51,66
Q2222314,antimoine 118,51,67
Q1865441,antimoine 119,51,68
Q4044222,antimoine 120,51,69
Q1856817,antimoine 121,51,70
Q1954075,antimoine 122,51,71
Q2297512,antimoine 123,51,72
Q2592916,antimoine 124,51,73
Q2846295,antimoine 125,51,74
Q18881523,antimoine 126,51,75
Q18881528,antimoine 127,51,76
Q18881529,antimoine 128,51,77
Q18881532,antimoine 129,51,78
Q18881537,antimoine 130,51,79
Q18881539,antimoine 131,51,80
Q18881540,antimoine 132,51,81
Q18881546,antimoine 133,51,82
Q18881547,antimoine 134,51,83
Q18881549,antimoine 135,51,84
Q18881550,antimoine 136,51,85
Q18881552,antimoine 137,51,86
Q18881555,antimoine 138,51,87
Q18881556,antimoine 139,51,88
Q47456925,antimoine 140,51,89
Q47456927,antimoine 141,51,90
Q18881557,tellure 105,52,53
Q14751597,tellure 106,52,54
Q2497973,tellure 107,52,55
Q2198757,tellure 108,52,56
Q2220738,tellure 109,52,57
Q2004544,tellure 110,52,58
Q2683578,tellure 111,52,59
Q3049059,tellure 112,52,60
Q1820865,tellure 113,52,61
Q2964282,tellure 114,52,62
Q2118962,tellure 115,52,63
Q2529804,tellure 116,52,64
Q1821865,tellure 117,52,65
Q2564881,tellure 118,52,66
Q2259195,tellure 119,52,67
Q2538285,tellure 120,52,68
Q1958135,tellure 121,52,69
Q5315292,tellure 122,52,70
Q2129067,tellure 123,52,71
Q4993070,tellure 124,52,72
Q2480123,tellure 125,52,73
Q14467249,tellure 126,52,74
Q2099494,tellure 127,52,75
Q3067520,tellure 128,52,76
Q3028604,tellure 129,52,77
Q2190156,tellure 130,52,78
Q2252688,tellure 131,52,79
Q18881575,tellure 132,52,80
Q18881576,tellure 133,52,81
Q18881578,tellure 134,52,82
Q18881580,tellure 135,52,83
Q18881583,tellure 136,52,84
Q18881584,tellure 137,52,85
Q18881585,tellure 138,52,86
Q18881587,tellure 139,52,87
Q18881588,tellure 140,52,88
Q18881589,tellure 141,52,89
Q18881590,tellure 142,52,90
Q47456928,tellure 143,52,91
Q47456844,iode 107,53,54
Q2522598,iode 108,53,55
Q2321962,iode 109,53,56
Q4672201,iode 110,53,57
Q2655382,iode 111,53,58
Q1925726,iode 112,53,59
Q3293878,iode 113,53,60
Q13737528,iode 114,53,61
Q1989719,iode 115,53,62
Q3472805,iode 116,53,63
Q2351768,iode 117,53,64
Q2271228,iode 118,53,65
Q2639605,iode 119,53,66
Q2683335,iode 120,53,67
Q4409996,iode 121,53,68
Q1831916,iode 122,53,69
Q3801335,iode 123,53,70
Q2322324,iode 124,53,71
Q6501879,iode 125,53,72
Q2437869,iode 126,53,73
Q3069233,iode 127,53,74
Q2379267,iode 128,53,75
Q2515411,iode 129,53,76
Q2181908,iode 130,53,77
Q927316,iode 131,53,78
Q2218708,iode 132,53,79
Q2202400,iode 133,53,80
Q1957987,iode 134,53,81
Q2530037,iode 135,53,82
Q2074413,iode 136,53,83
Q18881613,iode 137,53,84
Q18881614,iode 138,53,85
Q18881615,iode 139,53,86
Q18881616,iode 140,53,87
Q18881618,iode 141,53,88
Q18881619,iode 142,53,89
Q18881620,iode 143,53,90
Q18881621,iode 144,53,91
Q47456931,iode 145,53,92
Q47456847,xénon 109,54,55
Q2350059,xénon 110,54,56
Q2655306,xénon 111,54,57
Q2237672,xénon 112,54,58
Q2176316,xénon 113,54,59
Q3289868,xénon 114,54,60
Q2017261,xénon 115,54,61
Q2189046,xénon 116,54,62
Q2330308,xénon 117,54,63
Q1992133,xénon 118,54,64
Q5021186,xénon 119,54,65
Q3043804,xénon 120,54,66
Q14521121,xénon 121,54,67
Q2493914,xénon 122,54,68
Q14521122,xénon 123,54,69
Q3268486,xénon 124,54,70
Q2692949,xénon 125,54,71
Q3134801,xénon 126,54,72
Q2304361,xénon 127,54,73
Q1953543,xénon 128,54,74
Q2388818,xénon 129,54,75
Q2622312,xénon 130,54,76
Q2501965,xénon 131,54,77
Q2125594,xénon 132,54,78
Q2451397,xénon 133,54,79
Q3459792,xénon 134,54,80
Q6501182,xénon 135,54,81
Q1851814,xénon 136,54,82
Q2608456,xénon 137,54,83
Q18881634,xénon 138,54,84
Q18881635,xénon 139,54,85
Q18881638,xénon 140,54,86
Q18881639,xénon 141,54,87
Q18881640,xénon 142,54,88
Q18881641,xénon 143,54,89
Q18881643,xénon 144,54,90
Q18881644,xénon 145,54,91
Q18881645,xénon 146,54,92
Q18881647,xénon 147,54,93
Q47456932,xénon 148,54,94
Q47456849,césium 111,55,56
Q2342719,césium 112,55,57
Q2114606,césium 113,55,58
Q2147617,césium 114,55,59
Q2491894,césium 115,55,60
Q2370394,césium 116,55,61
Q1940002,césium 117,55,62
Q2179229,césium 118,55,63
Q2419308,césium 119,55,64
Q4309831,césium 120,55,65
Q2289988,césium 121,55,66
Q2125794,césium 122,55,67
Q2643475,césium 123,55,68
Q2030287,césium 124,55,69
Q2314743,césium 125,55,70
Q2943778,césium 126,55,71
Q2003809,césium 127,55,72
Q2451307,césium 128,55,73
Q13460607,césium 129,55,74
Q1973681,césium 130,55,75
Q2678495,césium 131,55,76
Q5054222,césium 132,55,77
Q2327948,césium 133,55,78
Q2285855,césium 134,55,79
Q14905912,césium 135,55,80
Q2121147,césium 136,55,81
Q1154826,césium 137,55,82
Q18881676,césium 138,55,83
Q18881679,césium 139,55,84
Q18881680,césium 140,55,85
Q18881682,césium 141,55,86
Q18881683,césium 142,55,87
Q18881684,césium 143,55,88
Q18881685,césium 144,55,89
Q18881687,césium 145,55,90
Q18881689,césium 146,55,91
Q18881690,césium 147,55,92
Q18881691,césium 148,55,93
Q18881693,césium 149,55,94
Q18881694,césium 150,55,95
Q18881695,césium 151,55,96
Q47456933,césium 152,55,97
Q47456852,baryum 113,56,57
Q18881696,baryum 114,56,58
Q18881697,baryum 115,56,59
Q18881698,baryum 116,56,60
Q18881699,baryum 117,56,61
Q18881700,baryum 118,56,62
Q18881701,baryum 119,56,63
Q18881702,baryum 120,56,64
Q18881703,baryum 121,56,65
Q18881704,baryum 122,56,66
Q18881705,baryum 123,56,67
Q18881707,baryum 124,56,68
Q18881708,baryum 125,56,69
Q18881709,baryum 126,56,70
Q18881711,baryum 127,56,71
Q18881714,baryum 128,56,72
Q18881716,baryum 129,56,73
Q2574790,baryum 130,56,74
Q18881719,baryum 131,56,75
Q2752861,baryum 132,56,76
Q18881721,baryum 133,56,77
Q2538685,baryum 134,56,78
Q3192465,baryum 135,56,79
Q2449314,baryum 136,56,80
Q4734760,baryum 137,56,81
Q2409784,baryum 138,56,82
Q18881730,baryum 139,56,83
Q18881732,baryum 140,56,84
Q18881733,baryum 141,56,85
Q18881734,baryum 142,56,86
Q18881736,baryum 143,56,87
Q18881738,baryum 144,56,88
Q18881739,baryum 145,56,89
Q18881741,baryum 146,56,90
Q18881743,baryum 147,56,91
Q18881744,baryum 148,56,92
Q18881745,baryum 149,56,93
Q18881746,baryum 150,56,94
Q18881747,baryum 151,56,95
Q18881748,baryum 152,56,96
Q18881749,baryum 153,56,97
Q47456934,baryum 154,56,98
Q47456862,lanthane 116,57,59
Q18881750,lanthane 117,57,60
Q18881753,lanthane 118,57,61
Q18881754,lanthane 119,57,62
Q18881755,lanthane 120,57,63
Q18881756,lanthane 121,57,64
Q18881757,lanthane 122,57,65
Q18881758,lanthane 123,57,66
Q18881759,lanthane 124,57,67
Q18881761,lanthane 125,57,68
Q18881763,lanthane 126,57,69
Q18881765,lanthane 127,57,70
Q18881767,lanthane 128,57,71
Q18881769,lanthane 129,57,72
Q18881772,lanthane 130,57,73
Q18881773,lanthane 131,57,74
Q18881777,lanthane 132,57,75
Q18881779,lanthane 133,57,76
Q18881780,lanthane 134,57,77
Q2853239,lanthane 135,57,78
Q1961263,lanthane 136,57,79
Q1865948,lanthane 137,57,80
Q1967612,lanthane 138,57,81
Q2424900,lanthane 139,57,82
Q18881785,lanthane 140,57,83
Q18881786,lanthane 141,57,84
Q18881787,lanthane 142,57,85
Q18881788,lanthane 143,57,86
Q18881789,lanthane 144,57,87
Q18881790,lanthane 145,57,88
Q18881791,lanthane 146,57,89
Q18881793,lanthane 147,57,90
Q18881794,lanthane 148,57,91
Q18881795,lanthane 149,57,92
Q18881796,lanthane 150,57,93
Q18881797,lanthane 151,57,94
Q18881798,lanthane 152,57,95
Q18881800,lanthane 153,57,96
Q18881802,lanthane 154,57,97
Q18881803,lanthane 155,57,98
Q47456935,lanthane 156,57,99
Q18881804,cérium 119,58,61
Q18881805,cérium 120,58,62
Q18881806,cérium 121,58,63
Q18881807,cérium 122,58,64
Q18881809,cérium 123,58,65
Q18881810,cérium 124,58,66
Q18881811,cérium 125,58,67
Q18881812,cérium 126,58,68
Q18881813,cérium 127,58,69
Q18881814,cérium 128,58,70
Q18881815,cérium 129,58,71
Q18881816,cérium 130,58,72
Q18881818,cérium 131,58,73
Q18881821,cérium 132,58,74
Q18881824,cérium 133,58,75
Q18881827,cérium 134,58,76
Q18881830,cérium 135,58,77
Q1927406,cérium 136,58,78
Q2854706,cérium 137,58,79
Q2639061,cérium 138,58,80
Q2310267,cérium 139,58,81
Q2646578,cérium 140,58,82
Q2106848,cérium 141,58,83
Q4591114,cérium 142,58,84
Q2402433,cérium 143,58,85
Q2610076,cérium 144,58,86
Q18881840,cérium 145,58,87
Q18881842,cérium 146,58,88
Q18881843,cérium 147,58,89
Q18881844,cérium 148,58,90
Q18881846,cérium 149,58,91
Q18881847,cérium 150,58,92
Q18881848,cérium 151,58,93
Q18881849,cérium 152,58,94
Q18881850,cérium 153,58,95
Q18881851,cérium 154,58,96
Q18881852,cérium 155,58,97
Q18881853,cérium 156,58,98
Q18881854,cérium 157,58,99
Q47456937,cérium 158,58,100
Q18881855,praséodyme 121,59,62
Q18881856,praséodyme 122,59,63
Q18881857,praséodyme 123,59,64
Q18881858,praséodyme 124,59,65
Q18881859,praséodyme 125,59,66
Q18881860,praséodyme 126,59,67
Q18881862,praséodyme 127,59,68
Q18881865,praséodyme 128,59,69
Q18881866,praséodyme 129,59,70
Q18881868,praséodyme 130,59,71
Q18881870,praséodyme 131,59,72
Q18881872,praséodyme 132,59,73
Q18881878,praséodyme 133,59,74
Q18881881,praséodyme 134,59,75
Q18881884,praséodyme 135,59,76
Q2690277,praséodyme 136,59,77
Q2620168,praséodyme 137,59,78
Q2666133,praséodyme 138,59,79
Q2310304,praséodyme 139,59,80
Q2179030,praséodyme 140,59,81
Q2496517,praséodyme 141,59,82
Q2337017,praséodyme 142,59,83
Q2365252,praséodyme 143,59,84
Q4568887,praséodyme 144,59,85
Q2854698,praséodyme 145,59,86
Q1983958,praséodyme 146,59,87
Q2503314,praséodyme 147,59,88
Q2418174,praséodyme 148,59,89
Q2046073,praséodyme 149,59,90
Q2171298,praséodyme 150,59,91
Q18881895,praséodyme 151,59,92
Q18881896,praséodyme 152,59,93
Q18881897,praséodyme 153,59,94
Q18881898,praséodyme 154,59,95
Q18881899,praséodyme 155,59,96
Q18881900,praséodyme 156,59,97
Q18881902,praséodyme 157,59,98
Q18881903,praséodyme 158,59,99
Q18881905,praséodyme 159,59,100
Q47456940,praséodyme 160,59,101
Q18881906,néodyme 124,60,64
Q18881907,néodyme 125,60,65
Q18881908,néodyme 126,60,66
Q18881909,néodyme 127,60,67
Q18881910,néodyme 128,60,68
Q18881911,néodyme 129,60,69
Q18881913,néodyme 130,60,70
Q18881914,néodyme 131,60,71
Q18881915,néodyme 132,60,72
Q18881916,néodyme 133,60,73
Q18881920,néodyme 134,60,74
Q18881923,néodyme 135,60,75
Q18881925,néodyme 136,60,76
Q18881926,néodyme 137,60,77
Q18881929,néodyme 138,60,78
Q18881931,néodyme 139,60,79
Q18881935,néodyme 140,60,80
Q18881939,néodyme 141,60,81
Q3193312,néodyme 142,60,82
Q2064444,néodyme 143,60,83
Q2796610,néodyme 144,60,84
Q2198672,néodyme 145,60,85
Q1880887,néodyme 146,60,86
Q2541379,néodyme 147,60,87
Q4990557,néodyme 148,60,88
Q1976392,néodyme 149,60,89
Q2410599,néodyme 150,60,90
Q2930602,néodyme 151,60,91
Q2097991,néodyme 152,60,92
Q18881943,néodyme 153,60,93
Q18881945,néodyme 154,60,94
Q18881949,néodyme 155,60,95
Q18881950,néodyme 156,60,96
Q18881952,néodyme 157,60,97
Q18881953,néodyme 158,60,98
Q18881955,néodyme 159,60,99
Q18881956,néodyme 160,60,100
Q18881957,néodyme 161,60,101
Q47456942,néodyme 162,60,102
Q18881958,prométhium 126,61,65
Q18881959,prométhium 127,61,66
Q18881960,prométhium 128,61,67
Q18881962,prométhium 129,61,68
Q18881963,prométhium 130,61,69
Q18881964,prométhium 131,61,70
Q18881965,prométhium 132,61,71
Q18881966,prométhium 133,61,72
Q18881968,prométhium 134,61,73
Q18881971,prométhium 135,61,74
Q18881974,prométhium 136,61,75
Q18881977,prométhium 137,61,76
Q18881979,prométhium 138,61,77
Q18881981,prométhium 139,61,78
Q18881983,prométhium 140,61,79
Q18881987,prométhium 141,61,80
Q18881991,prométhium 142,61,81
Q18881993,prométhium 143,61,82
Q18881996,prométhium 144,61,83
Q2734133,prométhium 145,61,84
Q2537806,prométhium 146,61,85
Q2284128,prométhium 147,61,86
Q2628399,prométhium 148,61,87
Q2166519,prométhium 149,61,88
Q2537379,prométhium 150,61,89
Q14172128,prométhium 151,61,90
Q1925443,prométhium 152,61,91
Q2175762,prométhium 153,61,92
Q2631165,prométhium 154,61,93
Q2386495,prométhium 155,61,94
Q18882008,prométhium 156,61,95
Q18882009,prométhium 157,61,96
Q18882010,prométhium 158,61,97
Q18882011,prométhium 159,61,98
Q18882012,prométhium 160,61,99
Q18882014,prométhium 161,61,100
Q18882016,prométhium 162,61,101
Q18882017,prométhium 163,61,102
Q47456944,prométhium 164,61,103
Q18882018,samarium 128,62,66
Q18882019,samarium 129,62,67
Q18882020,samarium 130,62,68
Q18882022,samarium 131,62,69
Q18882023,samarium 132,62,70
Q18882024,samarium 133,62,71
Q18882025,samarium 134,62,72
Q18882026,samarium 135,62,73
Q18882029,samarium 136,62,74
Q18882031,samarium 137,62,75
Q18882034,samarium 138,62,76
Q18882036,samarium 139,62,77
Q18882040,samarium 140,62,78
Q18882041,samarium 141,62,79
Q18882043,samarium 142,62,80
Q18882045,samarium 143,62,81
Q1862339,samarium 144,62,82
Q2182956,samarium 145,62,83
Q2178012,samarium 146,62,84
Q2081111,samarium 147,62,85
Q1985308,samarium 148,62,86
Q1915454,samarium 149,62,87
Q1905822,samarium 150,62,88
Q3426628,samarium 151,62,89
Q2288129,samarium 152,62,90
Q1878279,samarium 153,62,91
Q2402263,samarium 154,62,92
Q2968120,samarium 155,62,93
Q2465735,samarium 156,62,94
Q2698922,samarium 157,62,95
Q2933433,samarium 158,62,96
Q2785750,samarium 159,62,97
Q1964565,samarium 160,62,98
Q18882053,samarium 161,62,99
Q18882054,samarium 162,62,100
Q18882056,samarium 163,62,101
Q18882057,samarium 164,62,102
Q18882058,samarium 165,62,103
Q47456945,samarium 166,62,104
Q18882059,europium 130,63,67
Q18882060,europium 131,63,68
Q18882063,europium 132,63,69
Q18882064,europium 133,63,70
Q18882066,europium 134,63,71
Q18882067,europium 135,63,72
Q18882068,europium 136,63,73
Q18882070,europium 137,63,74
Q18882071,europium 138,63,75
Q18882072,europium 139,63,76
Q18882077,europium 140,63,77
Q18882079,europium 141,63,78
Q18882083,europium 142,63,79
Q18882085,europium 143,63,80
Q18882089,europium 144,63,81
Q18882092,europium 145,63,82
Q18882095,europium 146,63,83
Q2566705,europium 147,63,84
Q2210922,europium 148,63,85
Q2132132,europium 149,63,86
Q2785287,europium 150,63,87
Q4293411,europium 151,63,88
Q13626302,europium 152,63,89
Q2027407,europium 153,63,90
Q3521029,europium 154,63,91
Q3276623,europium 155,63,92
Q2135919,europium 156,63,93
Q2617688,europium 157,63,94
Q2856395,europium 158,63,95
Q2346717,europium 159,63,96
Q4679991,europium 160,63,97
Q13626303,europium 161,63,98
Q3543016,europium 162,63,99
Q2775592,europium 163,63,100
Q1891443,europium 164,63,101
Q13626305,europium 165,63,102
Q1824605,europium 166,63,103
Q2196454,europium 167,63,104
Q47456947,europium 168,63,105
Q47456912,gadolinium 133,64,69
Q18882115,gadolinium 134,64,70
Q18882116,gadolinium 135,64,71
Q18882118,gadolinium 136,64,72
Q18882119,gadolinium 137,64,73
Q18882120,gadolinium 138,64,74
Q18882123,gadolinium 139,64,75
Q18882125,gadolinium 140,64,76
Q18882127,gadolinium 141,64,77
Q18882129,gadolinium 142,64,78
Q18882130,gadolinium 143,64,79
Q18882132,gadolinium 144,64,80
Q18882133,gadolinium 145,64,81
Q18882137,gadolinium 146,64,82
Q18882139,gadolinium 147,64,83
Q18882142,gadolinium 148,64,84
Q18882144,gadolinium 149,64,85
Q18882145,gadolinium 150,64,86
Q18882146,gadolinium 151,64,87
Q3532075,gadolinium 152,64,88
Q2357049,gadolinium 153,64,89
Q2175390,gadolinium 154,64,90
Q2972794,gadolinium 155,64,91
Q4505367,gadolinium 156,64,92
Q2226266,gadolinium 157,64,93
Q2237256,gadolinium 158,64,94
Q3025283,gadolinium 159,64,95
Q2488300,gadolinium 160,64,96
Q3320467,gadolinium 161,64,97
Q2488519,gadolinium 162,64,98
Q2340317,gadolinium 163,64,99
Q2145225,gadolinium 164,64,100
Q2494269,gadolinium 165,64,101
Q13638740,gadolinium 166,64,102
Q1848879,gadolinium 167,64,103
Q2676735,gadolinium 168,64,104
Q2783561,gadolinium 169,64,105
Q47456950,gadolinium 170,64,106
Q18882153,terbium 135,65,70
Q18882159,terbium 136,65,71
Q18882166,terbium 137,65,72
Q18882173,terbium 138,65,73
Q18882183,terbium 139,65,74
Q18882191,terbium 140,65,75
Q18882198,terbium 141,65,76
Q18882217,terbium 142,65,77
Q18882221,terbium 143,65,78
Q18882224,terbium 144,65,79
Q18882236,terbium 145,65,80
Q18882240,terbium 146,65,81
Q18882247,terbium 147,65,82
Q18882256,terbium 148,65,83
Q18882283,terbium 149,65,84
Q18882293,terbium 150,65,85
Q18882297,terbium 151,65,86
Q18882301,terbium 152,65,87
Q18882305,terbium 153,65,88
Q18882308,terbium 154,65,89
Q18882312,terbium 155,65,90
Q18882313,terbium 156,65,91
Q18882317,terbium 157,65,92
Q18882318,terbium 158,65,93
Q2554426,terbium 159,65,94
Q2346660,terbium 160,65,95
Q2536228,terbium 161,65,96
Q2571778,terbium 162,65,97
Q2346006,terbium 163,65,98
Q2409438,terbium 164,65,99
Q2253684,terbium 165,65,100
Q2069418,terbium 166,65,101
Q2231230,terbium 167,65,102
Q2173877,terbium 168,65,103
Q3234247,terbium 169,65,104
Q3019494,terbium 170,65,105
Q2113299,terbium 171,65,106
Q47456952,terbium 172,65,107
Q18882322,dysprosium 138,66,72
Q18882323,dysprosium 139,66,73
Q18882324,dysprosium 140,66,74
Q18882328,dysprosium 141,66,75
Q18882329,dysprosium 142,66,76
Q18882330,dysprosium 143,66,77
Q18882332,dysprosium 144,66,78
Q18882333,dysprosium 145,66,79
Q18882336,dysprosium 146,66,80
Q18882338,dysprosium 147,66,81
Q18882341,dysprosium 148,66,82
Q18882342,dysprosium 149,66,83
Q18882344,dysprosium 150,66,84
Q18882345,dysprosium 151,66,85
Q18882346,dysprosium 152,66,86
Q18882347,dysprosium 153,66,87
Q18882348,dysprosium 154,66,88
Q18882350,dysprosium 155,66,89
Q13574970,dysprosium 156,66,90
Q18882352,dysprosium 157,66,91
Q13574971,dysprosium 158,66,92
Q18882356,dysprosium 159,66,93
Q13574974,dysprosium 160,66,94
Q13574976,dysprosium 161,66,95
Q13574977,dysprosium 162,66,96
Q13574978,dysprosium 163,66,97
Q13574979,dysprosium 164,66,98
Q18882360,dysprosium 165,66,99
Q18882363,dysprosium 166,66,100
Q18882364,dysprosium 167,66,101
Q18882365,dysprosium 168,66,102
Q18882366,dysprosium 169,66,103
Q18882367,dysprosium 170,66,104
Q18882368,dysprosium 171,66,105
Q18882369,dysprosium 172,66,106
Q18882370,dysprosium 173,66,107
Q47456955,dysprosium 174,66,108
Q18882371,holmium 140,67,73
Q18882372,holmium 141,67,74
Q18882374,holmium 142,67,75
Q18882375,holmium 143,67,76
Q18882376,holmium 144,67,77
Q18882377,holmium 145,67,78
Q18882379,holmium 146,67,79
Q18882381,holmium 147,67,80
Q18882382,holmium 148,67,81
Q18882385,holmium 149,67,82
Q18882389,holmium 150,67,83
Q18882392,holmium 151,67,84
Q18882395,holmium 152,67,85
Q18882399,holmium 153,67,86
Q18882404,holmium 154,67,87
Q18882406,holmium 155,67,88
Q18882409,holmium 156,67,89
Q18882412,holmium 157,67,90
Q18882413,holmium 158,67,91
Q18882417,holmium 159,67,92
Q18882419,holmium 160,67,93
Q18882422,holmium 161,67,94
Q18882424,holmium 162,67,95
Q18882426,holmium 163,67,96
Q18882428,holmium 164,67,97
Q15876412,holmium 165,67,98
Q15876413,holmium 166,67,99
Q15876414,holmium 167,67,100
Q15876415,holmium 168,67,101
Q15876417,holmium 169,67,102
Q15876418,holmium 170,67,103
Q15876419,holmium 171,67,104
Q15876421,holmium 172,67,105
Q15876422,holmium 173,67,106
Q15876423,holmium 174,67,107
Q15876424,holmium 175,67,108
Q47456958,holmium 176,67,109
Q18882438,erbium 142,68,74
Q18882439,erbium 143,68,75
Q18882440,erbium 144,68,76
Q18882441,erbium 145,68,77
Q18882443,erbium 146,68,78
Q18882444,erbium 147,68,79
Q18882446,erbium 148,68,80
Q18882447,erbium 149,68,81
Q18882452,erbium 150,68,82
Q18882453,erbium 151,68,83
Q18882458,erbium 152,68,84
Q18882459,erbium 153,68,85
Q18882460,erbium 154,68,86
Q18882461,erbium 155,68,87
Q18882462,erbium 156,68,88
Q18882463,erbium 157,68,89
Q18882465,erbium 158,68,90
Q18882466,erbium 159,68,91
Q18882469,erbium 160,68,92
Q18882470,erbium 161,68,93
Q15874939,erbium 162,68,94
Q15874940,erbium 163,68,95
Q15874941,erbium 164,68,96
Q15874943,erbium 165,68,97
Q15874944,erbium 166,68,98
Q15874945,erbium 167,68,99
Q15874946,erbium 168,68,100
Q15874947,erbium 169,68,101
Q15874948,erbium 170,68,102
Q15874949,erbium 171,68,103
Q15874951,erbium 172,68,104
Q15874952,erbium 173,68,105
Q15874953,erbium 174,68,106
Q15874954,erbium 175,68,107
Q15874955,erbium 176,68,108
Q15874956,erbium 177,68,109
Q47456959,erbium 178,68,110
Q47456929,thulium 144,69,75
Q18882476,thulium 145,69,76
Q18882477,thulium 146,69,77
Q18882479,thulium 147,69,78
Q18882482,thulium 148,69,79
Q18882484,thulium 149,69,80
Q18882486,thulium 150,69,81
Q18882489,thulium 151,69,82
Q18882493,thulium 152,69,83
Q18882496,thulium 153,69,84
Q18882498,thulium 154,69,85
Q18882500,thulium 155,69,86
Q18882502,thulium 156,69,87
Q18882504,thulium 157,69,88
Q18882506,thulium 158,69,89
Q18882508,thulium 159,69,90
Q18882510,thulium 160,69,91
Q18882514,thulium 161,69,92
Q18882517,thulium 162,69,93
Q18882519,thulium 163,69,94
Q18882520,thulium 164,69,95
Q18882522,thulium 165,69,96
Q18882523,thulium 166,69,97
Q18882526,thulium 167,69,98
Q18882529,thulium 168,69,99
Q15882884,thulium 169,69,100
Q15882886,thulium 170,69,101
Q15882887,thulium 171,69,102
Q15882888,thulium 172,69,103
Q15882889,thulium 173,69,104
Q15882890,thulium 174,69,105
Q15882892,thulium 175,69,106
Q15882894,thulium 176,69,107
Q15882895,thulium 177,69,108
Q15882896,thulium 178,69,109
Q15882897,thulium 179,69,110
Q47456960,thulium 180,69,111
Q47456961,thulium 181,69,112
Q18882534,ytterbium 148,70,78
Q18882535,ytterbium 149,70,79
Q18882538,ytterbium 150,70,80
Q18882539,ytterbium 151,70,81
Q18882543,ytterbium 152,70,82
Q18882544,ytterbium 153,70,83
Q18882547,ytterbium 154,70,84
Q18882548,ytterbium 155,70,85
Q18882549,ytterbium 156,70,86
Q18882550,ytterbium 157,70,87
Q18882551,ytterbium 158,70,88
Q18882552,ytterbium 159,70,89
Q18882553,ytterbium 160,70,90
Q18882554,ytterbium 161,70,91
Q18882555,ytterbium 162,70,92
Q18882556,ytterbium 163,70,93
Q18882557,ytterbium 164,70,94
Q18882558,ytterbium 165,70,95
Q18882560,ytterbium 166,70,96
Q18882561,ytterbium 167,70,97
Q18882562,ytterbium 168,70,98
Q18882563,ytterbium 169,70,99
Q18882565,ytterbium 170,70,100
Q18882567,ytterbium 171,70,101
Q18882570,ytterbium 172,70,102
Q18882571,ytterbium 173,70,103
Q18882575,ytterbium 174,70,104
Q18882576,ytterbium 175,70,105
Q18882579,ytterbium 176,70,106
Q18882581,ytterbium 177,70,107
Q18882583,ytterbium 178,70,108
Q18882584,ytterbium 179,70,109
Q18882585,ytterbium 180,70,110
Q18882586,ytterbium 181,70,111
Q18882587,ytterbium 182,70,112
Q47457208,ytterbium 183,70,113
Q47457209,ytterbium 184,70,114
Q47457210,ytterbium 185,70,115
Q18882588,lutécium 150,71,79
Q14646200,lutécium 151,71,80
Q18882591,lutécium 152,71,81
Q18882592,lutécium 153,71,82
Q18882598,lutécium 154,71,83
Q18882604,lutécium 155,71,84
Q18882607,lutécium 156,71,85
Q18882609,lutécium 157,71,86
Q18882611,lutécium 158,71,87
Q18882612,lutécium 159,71,88
Q18882614,lutécium 160,71,89
Q18882616,lutécium 161,71,90
Q18882618,lutécium 162,71,91
Q18882622,lutécium 163,71,92
Q18882623,lutécium 164,71,93
Q18882624,lutécium 165,71,94
Q18882625,lutécium 166,71,95
Q18882628,lutécium 167,71,96
Q18882630,lutécium 168,71,97
Q18882632,lutécium 169,71,98
Q18882634,lutécium 170,71,99
Q18882636,lutécium 171,71,100
Q18882638,lutécium 172,71,101
Q18882645,lutécium 173,71,102
Q18882647,lutécium 174,71,103
Q18882652,lutécium 175,71,104
Q18882668,lutécium 176,71,105
Q18882670,lutécium 177,71,106
Q18882676,lutécium 178,71,107
Q18882679,lutécium 179,71,108
Q18882681,lutécium 180,71,109
Q18882685,lutécium 181,71,110
Q18882686,lutécium 182,71,111
Q18882687,lutécium 183,71,112
Q18882688,lutécium 184,71,113
Q47457211,lutécium 185,71,114
Q47457212,lutécium 186,71,115
Q47457218,lutécium 187,71,116
Q47457220,lutécium 188,71,117
Q18882689,hafnium 153,72,81
Q18882691,hafnium 154,72,82
Q18882692,hafnium 155,72,83
Q18882693,hafnium 156,72,84
Q18882695,hafnium 157,72,85
Q18882696,hafnium 158,72,86
Q18882697,hafnium 159,72,87
Q18882698,hafnium 160,72,88
Q18882699,hafnium 161,72,89
Q18882700,hafnium 162,72,90
Q18882701,hafnium 163,72,91
Q18882702,hafnium 164,72,92
Q18882703,hafnium 165,72,93
Q18882705,hafnium 166,72,94
Q18882706,hafnium 167,72,95
Q18882707,hafnium 168,72,96
Q18882708,hafnium 169,72,97
Q18882709,hafnium 170,72,98
Q18882710,hafnium 171,72,99
Q18882712,hafnium 172,72,100
Q18882714,hafnium 173,72,101
Q18087008,hafnium 174,72,102
Q18087010,hafnium 175,72,103
Q18087012,hafnium 176,72,104
Q18087014,hafnium 177,72,105
Q18087016,hafnium 178,72,106
Q18087018,hafnium 179,72,107
Q18087020,hafnium 180,72,108
Q18087022,hafnium 181,72,109
Q18087024,hafnium 182,72,110
Q18087026,hafnium 183,72,111
Q18087028,hafnium 184,72,112
Q18087030,hafnium 185,72,113
Q14639528,hafnium 186,72,114
Q18087033,hafnium 187,72,115
Q18087036,hafnium 188,72,116
Q47457221,hafnium 189,72,117
Q47457222,hafnium 190,72,118
Q18882743,tantale 155,73,82
Q18882744,tantale 156,73,83
Q18882746,tantale 157,73,84
Q18882750,tantale 158,73,85
Q18882752,tantale 159,73,86
Q18882754,tantale 160,73,87
Q18882757,tantale 161,73,88
Q18882759,tantale 162,73,89
Q18882760,tantale 163,73,90
Q18882761,tantale 164,73,91
Q18882762,tantale 165,73,92
Q18882764,tantale 166,73,93
Q18882765,tantale 167,73,94
Q18882766,tantale 168,73,95
Q18882767,tantale 169,73,96
Q18882769,tantale 170,73,97
Q18882770,tantale 171,73,98
Q18085941,tantale 172,73,99
Q18882772,tantale 173,73,100
Q18882773,tantale 174,73,101
Q18882774,tantale 175,73,102
Q18882775,tantale 176,73,103
Q18882779,tantale 177,73,104
Q18882784,tantale 178,73,105
Q18882788,tantale 179,73,106
Q18882795,tantale 180,73,107
Q18882801,tantale 181,73,108
Q18882806,tantale 182,73,109
Q18882809,tantale 183,73,110
Q18882811,tantale 184,73,111
Q18085907,tantale 185,73,112
Q18882814,tantale 186,73,113
Q18882816,tantale 187,73,114
Q18882817,tantale 188,73,115
Q18882818,tantale 189,73,116
Q18882819,tantale 190,73,117
Q47457223,tantale 191,73,118
Q47457224,tantale 192,73,119
Q47457226,tantale 193,73,120
Q47457229,tantale 194,73,121
Q47456936,tungstène 157,74,83
Q18882820,tungstène 158,74,84
Q18882822,tungstène 159,74,85
Q18882823,tungstène 160,74,86
Q18882824,tungstène 161,74,87
Q18882825,tungstène 162,74,88
Q18882826,tungstène 163,74,89
Q18882827,tungstène 164,74,90
Q18882828,tungstène 165,74,91
Q18882829,tungstène 166,74,92
Q18882830,tungstène 167,74,93
Q18882831,tungstène 168,74,94
Q18882833,tungstène 169,74,95
Q18882835,tungstène 170,74,96
Q18882836,tungstène 171,74,97
Q18882837,tungstène 172,74,98
Q18882838,tungstène 173,74,99
Q18882844,tungstène 174,74,100
Q18882845,tungstène 175,74,101
Q18822007,tungstène 176,74,102
Q18882848,tungstène 177,74,103
Q18882851,tungstène 178,74,104
Q18882852,tungstène 179,74,105
Q18882857,tungstène 180,74,106
Q18882862,tungstène 181,74,107
Q18882864,tungstène 182,74,108
Q18882866,tungstène 183,74,109
Q18882868,tungstène 184,74,110
Q18882869,tungstène 185,74,111
Q18882871,tungstène 186,74,112
Q18882875,tungstène 187,74,113
Q18882876,tungstène 188,74,114
Q18882877,tungstène 189,74,115
Q18882878,tungstène 190,74,116
Q18882880,tungstène 191,74,117
Q18882881,tungstène 192,74,118
Q47457227,tungstène 193,74,119
Q47457230,tungstène 194,74,120
Q47457233,tungstène 195,74,121
Q47457235,tungstène 196,74,122
Q47457238,tungstène 197,74,123
Q47456938,rhénium 159,75,84
Q18882882,rhénium 160,75,85
Q18882883,rhénium 161,75,86
Q18882885,rhénium 162,75,87
Q18882887,rhénium 163,75,88
Q18882889,rhénium 164,75,89
Q18882891,rhénium 165,75,90
Q18882893,rhénium 166,75,91
Q18882894,rhénium 167,75,92
Q18882896,rhénium 168,75,93
Q18882898,rhénium 169,75,94
Q18882900,rhénium 170,75,95
Q18882901,rhénium 171,75,96
Q18882902,rhénium 172,75,97
Q18882904,rhénium 173,75,98
Q18882905,rhénium 174,75,99
Q18882906,rhénium 175,75,100
Q18882907,rhénium 176,75,101
Q18882908,rhénium 177,75,102
Q18882910,rhénium 178,75,103
Q18882911,rhénium 179,75,104
Q18882914,rhénium 180,75,105
Q18882915,rhénium 181,75,106
Q18746703,rhénium 182,75,107
Q18882921,rhénium 183,75,108
Q18882923,rhénium 184,75,109
Q18882926,rhénium 185,75,110
Q18882928,rhénium 186,75,111
Q18882930,rhénium 187,75,112
Q18882931,rhénium 188,75,113
Q18882933,rhénium 189,75,114
Q18882934,rhénium 190,75,115
Q18882936,rhénium 191,75,116
Q18882937,rhénium 192,75,117
Q18882938,rhénium 193,75,118
Q18882939,rhénium 194,75,119
Q47457234,rhénium 195,75,120
Q47457236,rhénium 196,75,121
Q47457264,rhénium 197,75,122
Q47457328,rhénium 198,75,123
Q47457332,rhénium 199,75,124
Q47456941,osmium 161,76,85
Q18882940,osmium 162,76,86
Q18882941,osmium 163,76,87
Q18882942,osmium 164,76,88
Q18882943,osmium 165,76,89
Q18882944,osmium 166,76,90
Q18882945,osmium 167,76,91
Q18882946,osmium 168,76,92
Q18882947,osmium 169,76,93
Q18882948,osmium 170,76,94
Q18882949,osmium 171,76,95
Q18882950,osmium 172,76,96
Q18882951,osmium 173,76,97
Q18882952,osmium 174,76,98
Q18882953,osmium 175,76,99
Q18882954,osmium 176,76,100
Q18882955,osmium 177,76,101
Q18882956,osmium 178,76,102
Q18882957,osmium 179,76,103
Q18882958,osmium 180,76,104
Q18882960,osmium 181,76,105
Q18882964,osmium 182,76,106
Q18882965,osmium 183,76,107
Q18882967,osmium 184,76,108
Q18882968,osmium 185,76,109
Q18882971,osmium 186,76,110
Q18882972,osmium 187,76,111
Q18882973,osmium 188,76,112
Q18882975,osmium 189,76,113
Q18882977,osmium 190,76,114
Q18882979,osmium 191,76,115
Q18882981,osmium 192,76,116
Q18882983,osmium 193,76,117
Q18882984,osmium 194,76,118
Q18882985,osmium 195,76,119
Q18882986,osmium 196,76,120
Q18882987,osmium 197,76,121
Q47457329,osmium 198,76,122
Q47457333,osmium 199,76,123
Q47457335,osmium 200,76,124
Q47457337,osmium 201,76,125
Q47457352,osmium 202,76,126
Q47457354,osmium 203,76,127
Q18882988,iridium 164,77,87
Q18882990,iridium 165,77,88
Q18882992,iridium 166,77,89
Q18882994,iridium 167,77,90
Q18882996,iridium 168,77,91
Q18882998,iridium 169,77,92
Q18883000,iridium 170,77,93
Q18883002,iridium 171,77,94
Q18883004,iridium 172,77,95
Q18883006,iridium 173,77,96
Q18883008,iridium 174,77,97
Q18883010,iridium 175,77,98
Q18883011,iridium 176,77,99
Q18883012,iridium 177,77,100
Q18883013,iridium 178,77,101
Q18883014,iridium 179,77,102
Q18883015,iridium 180,77,103
Q18883016,iridium 181,77,104
Q18883017,iridium 182,77,105
Q18883018,iridium 183,77,106
Q18883019,iridium 184,77,107
Q18883022,iridium 185,77,108
Q18883024,iridium 186,77,109
Q18883026,iridium 187,77,110
Q18883029,iridium 188,77,111
Q18883031,iridium 189,77,112
Q18883034,iridium 190,77,113
Q18883039,iridium 191,77,114
Q18883042,iridium 192,77,115
Q18883045,iridium 193,77,116
Q18883048,iridium 194,77,117
Q18883051,iridium 195,77,118
Q18883053,iridium 196,77,119
Q18883056,iridium 197,77,120
Q18883058,iridium 198,77,121
Q18883059,iridium 199,77,122
Q47457336,iridium 200,77,123
Q47457339,iridium 201,77,124
Q47457353,iridium 202,77,125
Q47457355,iridium 203,77,126
Q47457359,iridium 204,77,127
Q47457361,iridium 205,77,128
Q18883060,platine 166,78,88
Q18883061,platine 167,78,89
Q18883062,platine 168,78,90
Q18883063,platine 169,78,91
Q18883064,platine 170,78,92
Q18883065,platine 171,78,93
Q18883066,platine 172,78,94
Q18883067,platine 173,78,95
Q18883068,platine 174,78,96
Q18883069,platine 175,78,97
Q18883070,platine 176,78,98
Q18883071,platine 177,78,99
Q18883073,platine 178,78,100
Q18883074,platine 179,78,101
Q18883075,platine 180,78,102
Q18883076,platine 181,78,103
Q18883077,platine 182,78,104
Q18883079,platine 183,78,105
Q18883082,platine 184,78,106
Q18883084,platine 185,78,107
Q18883086,platine 186,78,108
Q18883087,platine 187,78,109
Q18883088,platine 188,78,110
Q18883089,platine 189,78,111
Q18883092,platine 190,78,112
Q18883093,platine 191,78,113
Q18883096,platine 192,78,114
Q18883097,platine 193,78,115
Q18883099,platine 194,78,116
Q18883100,platine 195,78,117
Q18883102,platine 196,78,118
Q18883103,platine 197,78,119
Q18883105,platine 198,78,120
Q18883106,platine 199,78,121
Q18883108,platine 200,78,122
Q18883109,platine 201,78,123
Q18883110,platine 202,78,124
Q47457358,platine 203,78,125
Q47457360,platine 204,78,126
Q47457364,platine 205,78,127
Q47457365,platine 206,78,128
Q47457368,platine 207,78,129
Q47457370,platine 208,78,130
Q18883111,or 169,79,90
Q18883112,or 170,79,91
Q18883114,or 171,79,92
Q18883116,or 172,79,93
Q18883117,or 173,79,94
Q18883119,or 174,79,95
Q18883121,or 175,79,96
Q18883123,or 176,79,97
Q18883126,or 177,79,98
Q18883128,or 178,79,99
Q18883129,or 179,79,100
Q18883131,or 180,79,101
Q18883132,or 181,79,102
Q18883133,or 182,79,103
Q18883135,or 183,79,104
Q18883139,or 184,79,105
Q18883141,or 185,79,106
Q18883143,or 186,79,107
Q18883145,or 187,79,108
Q18883147,or 188,79,109
Q18883148,or 189,79,110
Q18883153,or 190,79,111
Q18883155,or 191,79,112
Q18883158,or 192,79,113
Q18883161,or 193,79,114
Q18883164,or 194,79,115
Q18883167,or 195,79,116
Q18883171,or 196,79,117
Q18883174,or 197,79,118
Q18883176,or 198,79,119
Q18883179,or 199,79,120
Q18883181,or 200,79,121
Q18883183,or 201,79,122
Q18883184,or 202,79,123
Q18883185,or 203,79,124
Q18883186,or 204,79,125
Q18883187,or 205,79,126
Q47457366,or 206,79,127
Q47457369,or 207,79,128
Q47457371,or 208,79,129
Q47457374,or 209,79,130
Q47457375,or 210,79,131
Q18883188,mercure 171,80,91
Q18883189,mercure 172,80,92
Q18883190,mercure 173,80,93
Q18883191,mercure 174,80,94
Q18883193,mercure 175,80,95
Q18883194,mercure 176,80,96
Q18883195,mercure 177,80,97
Q18883196,mercure 178,80,98
Q18883198,mercure 179,80,99
Q18883199,mercure 180,80,100
Q18883200,mercure 181,80,101
Q18883202,mercure 182,80,102
Q18883203,mercure 183,80,103
Q18883206,mercure 184,80,104
Q18883208,mercure 185,80,105
Q18883210,mercure 186,80,106
Q18883212,mercure 187,80,107
Q18883214,mercure 188,80,108
Q18883216,mercure 189,80,109
Q18883220,mercure 190,80,110
Q18883221,mercure 191,80,111
Q18883223,mercure 192,80,112
Q18883224,mercure 193,80,113
Q18883226,mercure 194,80,114
Q18883228,mercure 195,80,115
Q18883230,mercure 196,80,116
Q18883231,mercure 197,80,117
Q18883233,mercure 198,80,118
Q18883234,mercure 199,80,119
Q18883236,mercure 200,80,120
Q18883237,mercure 201,80,121
Q18883239,mercure 202,80,122
Q18883240,mercure 203,80,123
Q18883242,mercure 204,80,124
Q18883243,mercure 205,80,125
Q18883245,mercure 206,80,126
Q18883246,mercure 207,80,127
Q18883247,mercure 208,80,128
Q18883248,mercure 209,80,129
Q18883249,mercure 210,80,130
Q47457377,mercure 211,80,131
Q47457380,mercure 212,80,132
Q47457381,mercure 213,80,133
Q47457384,mercure 214,80,134
Q47457391,mercure 215,80,135
Q47457398,mercure 216,80,136
Q18883250,thallium 176,81,95
Q18883251,thallium 177,81,96
Q18883254,thallium 178,81,97
Q18883256,thallium 179,81,98
Q18883259,thallium 180,81,99
Q18883261,thallium 181,81,100
Q18883265,thallium 182,81,101
Q18883269,thallium 183,81,102
Q18883273,thallium 184,81,103
Q18883276,thallium 185,81,104
Q18883281,thallium 186,81,105
Q18883284,thallium 187,81,106
Q18883287,thallium 188,81,107
Q18883290,thallium 189,81,108
Q18883292,thallium 190,81,109
Q18883296,thallium 191,81,110
Q18883299,thallium 192,81,111
Q18883302,thallium 193,81,112
Q18883304,thallium 194,81,113
Q18883307,thallium 195,81,114
Q18883309,thallium 196,81,115
Q18883311,thallium 197,81,116
Q18883313,thallium 198,81,117
Q18883317,thallium 199,81,118
Q18883319,thallium 200,81,119
Q18883323,thallium 201,81,120
Q18883325,thallium 202,81,121
Q18883327,thallium 203,81,122
Q18883329,thallium 204,81,123
Q18883334,thallium 205,81,124
Q18883338,thallium 206,81,125
Q18883340,thallium 207,81,126
Q18883343,thallium 208,81,127
Q18883344,thallium 209,81,128
Q18883345,thallium 210,81,129
Q18883346,thallium 211,81,130
Q18883347,thallium 212,81,131
Q47457383,thallium 213,81,132
Q47457387,thallium 214,81,133
Q47457394,thallium 215,81,134
Q47457400,thallium 216,81,135
Q47457404,thallium 217,81,136
Q47457408,thallium 218,81,137
Q18883348,plomb 178,82,96
Q18883349,plomb 179,82,97
Q18883350,plomb 180,82,98
Q18883351,plomb 181,82,99
Q18883353,plomb 182,82,100
Q18883355,plomb 183,82,101
Q18883358,plomb 184,82,102
Q18883360,plomb 185,82,103
Q18883363,plomb 186,82,104
Q18883365,plomb 187,82,105
Q18883368,plomb 188,82,106
Q18883373,plomb 189,82,107
Q18883375,plomb 190,82,108
Q18883380,plomb 191,82,109
Q18883384,plomb 192,82,110
Q18883390,plomb 193,82,111
Q18883393,plomb 194,82,112
Q18883395,plomb 195,82,113
Q18883398,plomb 196,82,114
Q18883404,plomb 197,82,115
Q18883407,plomb 198,82,116
Q18883411,plomb 199,82,117
Q18883414,plomb 200,82,118
Q18883415,plomb 201,82,119
Q18883419,plomb 202,82,120
Q18883424,plomb 203,82,121
Q18883429,plomb 204,82,122
Q18883434,plomb 205,82,123
Q18883438,plomb 206,82,124
Q18883443,plomb 207,82,125
Q16670466,plomb 208,82,126
Q18888056,plomb 209,82,127
Q18888057,plomb 210,82,128
Q18888061,plomb 211,82,129
Q18888062,plomb 212,82,130
Q18888064,plomb 213,82,131
Q18888066,plomb 214,82,132
Q18888067,plomb 215,82,133
Q47457401,plomb 216,82,134
Q47457406,plomb 217,82,135
Q47457409,plomb 218,82,136
Q47457410,plomb 219,82,137
Q47457415,plomb 220,82,138
Q18888069,bismuth 184,83,101
Q18888072,bismuth 185,83,102
Q18888077,bismuth 186,83,103
Q18888081,bismuth 187,83,104
Q18888085,bismuth 188,83,105
Q18888089,bismuth 189,83,106
Q18888094,bismuth 190,83,107
Q18888099,bismuth 191,83,108
Q18888104,bismuth 192,83,109
Q18888113,bismuth 193,83,110
Q18888119,bismuth 194,83,111
Q18888125,bismuth 195,83,112
Q18888130,bismuth 196,83,113
Q18888136,bismuth 197,83,114
Q18888146,bismuth 198,83,115
Q18888151,bismuth 199,83,116
Q18888157,bismuth 200,83,117
Q18888162,bismuth 201,83,118
Q18888168,bismuth 202,83,119
Q18888173,bismuth 203,83,120
Q18888179,bismuth 204,83,121
Q18888183,bismuth 205,83,122
Q18888184,bismuth 206,83,123
Q18888187,bismuth 207,83,124
Q18888190,bismuth 208,83,125
Q18888193,bismuth 209,83,126
Q18888195,bismuth 210,83,127
Q18888199,bismuth 211,83,128
Q18888203,bismuth 212,83,129
Q18888211,bismuth 213,83,130
Q18888217,bismuth 214,83,131
Q18888218,bismuth 215,83,132
Q18888228,bismuth 216,83,133
Q18888229,bismuth 217,83,134
Q18888232,bismuth 218,83,135
Q47457412,bismuth 219,83,136
Q47457416,bismuth 220,83,137
Q47457419,bismuth 221,83,138
Q47457424,bismuth 222,83,139
Q47457430,bismuth 223,83,140
Q47457435,bismuth 224,83,141
Q47457215,polonium 186,84,102
Q47457219,polonium 187,84,103
Q18888233,polonium 188,84,104
Q18888235,polonium 189,84,105
Q18888237,polonium 190,84,106
Q18888240,polonium 191,84,107
Q18888243,polonium 192,84,108
Q18888246,polonium 193,84,109
Q18888255,polonium 194,84,110
Q18888262,polonium 195,84,111
Q18888273,polonium 196,84,112
Q18888278,polonium 197,84,113
Q18888290,polonium 198,84,114
Q18888296,polonium 199,84,115
Q18888300,polonium 200,84,116
Q18888302,polonium 201,84,117
Q18888309,polonium 202,84,118
Q18888315,polonium 203,84,119
Q18888324,polonium 204,84,120
Q18888330,polonium 205,84,121
Q18888341,polonium 206,84,122
Q18888346,polonium 207,84,123
Q18888355,polonium 208,84,124
Q13099316,polonium 209,84,125
Q3395430,Polonium 210,84,126
Q18888364,polonium 211,84,127
Q18888372,polonium 212,84,128
Q18888377,polonium 213,84,129
Q18888379,polonium 214,84,130
Q18888380,polonium 215,84,131
Q18888381,polonium 216,84,132
Q18888386,polonium 217,84,133
Q18888391,polonium 218,84,134
Q18888392,polonium 219,84,135
Q18888393,polonium 220,84,136
Q47457420,polonium 221,84,137
Q47457426,polonium 222,84,138
Q47457433,polonium 223,84,139
Q47457437,polonium 224,84,140
Q47457443,polonium 225,84,141
Q47457445,polonium 226,84,142
Q47457448,polonium 227,84,143
Q18888394,astate 191,85,106
Q47457225,astate 192,85,107
Q18888397,astate 193,85,108
Q18888402,astate 194,85,109
Q18888411,astate 195,85,110
Q18888414,astate 196,85,111
Q18888428,astate 197,85,112
Q18888445,astate 198,85,113
Q18888448,astate 199,85,114
Q18888449,astate 200,85,115
Q18888454,astate 201,85,116
Q18888455,astate 202,85,117
Q18888458,astate 203,85,118
Q18888459,astate 204,85,119
Q18888461,astate 205,85,120
Q18888466,astate 206,85,121
Q18888469,astate 207,85,122
Q18888471,astate 208,85,123
Q18888472,astate 209,85,124
Q18888473,astate 210,85,125
Q18888477,astate 211,85,126
Q18888479,astate 212,85,127
Q18888483,astate 213,85,128
Q18888485,astate 214,85,129
Q18888488,astate 215,85,130
Q18888489,astate 216,85,131
Q18888491,astate 217,85,132
Q18888492,astate 218,85,133
Q18888493,astate 219,85,134
Q18888494,astate 220,85,135
Q18888495,astate 221,85,136
Q18888496,astate 222,85,137
Q18888498,astate 223,85,138
Q47457438,astate 224,85,139
Q47457444,astate 225,85,140
Q47457447,astate 226,85,141
Q47457450,astate 227,85,142
Q47457453,astate 228,85,143
Q47457455,astate 229,85,144
Q47457228,radon 193,86,107
Q47457231,radon 194,86,108
Q18888499,radon 195,86,109
Q18888502,radon 196,86,110
Q18888506,radon 197,86,111
Q18888510,radon 198,86,112
Q18888515,radon 199,86,113
Q18888520,radon 200,86,114
Q18888523,radon 201,86,115
Q18888528,radon 202,86,116
Q18888530,radon 203,86,117
Q18888535,radon 204,86,118
Q18888537,radon 205,86,119
Q18888541,radon 206,86,120
Q18888544,radon 207,86,121
Q18888552,radon 208,86,122
Q18888555,radon 209,86,123
Q18888562,radon 210,86,124
Q18888571,radon 211,86,125
Q18888575,radon 212,86,126
Q18888577,radon 213,86,127
Q18888578,radon 214,86,128
Q18888582,radon 215,86,129
Q18888583,radon 216,86,130
Q18888585,radon 217,86,131
Q18888586,radon 218,86,132
Q18888587,radon 219,86,133
Q3280563,radon 220,86,134
Q18888588,radon 221,86,135
Q18888591,radon 222,86,136
Q18888592,radon 223,86,137
Q18888593,radon 224,86,138
Q18888594,radon 225,86,139
Q18888595,radon 226,86,140
Q18888596,radon 227,86,141
Q18888599,radon 228,86,142
Q18888601,radon 229,86,143
Q47457457,radon 230,86,144
Q47457462,radon 231,86,145
Q47457326,francium 197,87,110
Q47457331,francium 198,87,111
Q18888602,francium 199,87,112
Q18888604,francium 200,87,113
Q18888609,francium 201,87,114
Q18888612,francium 202,87,115
Q18888616,francium 203,87,116
Q18888619,francium 204,87,117
Q18888627,francium 205,87,118
Q18888637,francium 206,87,119
Q18888644,francium 207,87,120
Q18888648,francium 208,87,121
Q18888651,francium 209,87,122
Q18888653,francium 210,87,123
Q18888656,francium 211,87,124
Q18888658,francium 212,87,125
Q18888660,francium 213,87,126
Q18888662,francium 214,87,127
Q18888670,francium 215,87,128
Q18888674,francium 216,87,129
Q18888678,francium 217,87,130
Q18888680,francium 218,87,131
Q18888685,francium 219,87,132
Q18888687,francium 220,87,133
Q18888691,francium 221,87,134
Q18888694,francium 222,87,135
Q18888696,francium 223,87,136
Q18888697,francium 224,87,137
Q18888700,francium 225,87,138
Q18888702,francium 226,87,139
Q18888703,francium 227,87,140
Q18888704,francium 228,87,141
Q18888705,francium 229,87,142
Q18888706,francium 230,87,143
Q18888707,francium 231,87,144
Q18888708,francium 232,87,145
Q47457464,francium 233,87,146
Q47457340,radium 201,88,113
Q18888709,radium 202,88,114
Q18888710,radium 203,88,115
Q18888716,radium 204,88,116
Q18888720,radium 205,88,117
Q18888724,radium 206,88,118
Q18888727,radium 207,88,119
Q18888732,radium 208,88,120
Q18888735,radium 209,88,121
Q18888737,radium 210,88,122
Q18888740,radium 211,88,123
Q18888742,radium 212,88,124
Q18888749,radium 213,88,125
Q18888754,radium 214,88,126
Q18888764,radium 215,88,127
Q18888790,radium 216,88,128
Q18888794,radium 217,88,129
Q18888797,radium 218,88,130
Q18888799,radium 219,88,131
Q18888800,radium 220,88,132
Q18888801,radium 221,88,133
Q18888803,radium 222,88,134
Q18888805,radium 223,88,135
Q4387319,radium 224,88,136
Q18888807,radium 225,88,137
Q4387321,radium 226,88,138
Q18888809,radium 227,88,139
Q4387322,radium 228,88,140
Q18888812,radium 229,88,141
Q18888813,radium 230,88,142
Q18888814,radium 231,88,143
Q18888816,radium 232,88,144
Q18888818,radium 233,88,145
Q18888819,radium 234,88,146
Q47457468,radium 235,88,147
Q18888820,actinium 205,89,116
Q18888823,actinium 206,89,117
Q18888828,actinium 207,89,118
Q18888829,actinium 208,89,119
Q18888835,actinium 209,89,120
Q18888838,actinium 210,89,121
Q18888842,actinium 211,89,122
Q18888845,actinium 212,89,123
Q18888848,actinium 213,89,124
Q18888850,actinium 214,89,125
Q18888852,actinium 215,89,126
Q18888856,actinium 216,89,127
Q18888859,actinium 217,89,128
Q18888864,actinium 218,89,129
Q18888866,actinium 219,89,130
Q18888868,actinium 220,89,131
Q18888872,actinium 221,89,132
Q18888874,actinium 222,89,133
Q18888877,actinium 223,89,134
Q18888879,actinium 224,89,135
Q18888881,actinium 225,89,136
Q18888883,actinium 226,89,137
Q18888886,actinium 227,89,138
Q18888887,actinium 228,89,139
Q18888889,actinium 229,89,140
Q18888890,actinium 230,89,141
Q18888892,actinium 231,89,142
Q18888893,actinium 232,89,143
Q18888895,actinium 233,89,144
Q18888896,actinium 234,89,145
Q18888899,actinium 235,89,146
Q18888900,actinium 236,89,147
Q47457470,actinium 237,89,148
Q47457373,thorium 208,90,118
Q18844301,thorium 209,90,119
Q18844302,thorium 210,90,120
Q18844303,thorium 211,90,121
Q18844304,thorium 212,90,122
Q18844305,thorium 213,90,123
Q18844306,thorium 214,90,124
Q18844307,thorium 215,90,125
Q18844309,thorium 216,90,126
Q18844310,thorium 217,90,127
Q18844312,thorium 218,90,128
Q18844314,thorium 219,90,129
Q18844315,thorium 220,90,130
Q18844316,thorium 221,90,131
Q18844318,thorium 222,90,132
Q18844319,thorium 223,90,133
Q18844320,thorium 224,90,134
Q18844321,thorium 225,90,135
Q18844322,thorium 226,90,136
Q18844323,thorium 227,90,137
Q4819715,thorium 228,90,138
Q15831435,thorium 229,90,139
Q14755481,thorium 230,90,140
Q14630529,thorium 231,90,141
Q7885290,thorium 232,90,142
Q17747404,thorium 233,90,143
Q17747403,thorium 234,90,144
Q17747402,thorium 235,90,145
Q17747401,thorium 236,90,146
Q17747400,thorium 237,90,147
Q17747399,thorium 238,90,148
Q47457473,thorium 239,90,149
Q47457378,protactinium 211,91,120
Q18845494,protactinium 212,91,121
Q18845495,protactinium 213,91,122
Q18845497,protactinium 214,91,123
Q18845498,protactinium 215,91,124
Q18845499,protactinium 216,91,125
Q18845500,protactinium 217,91,126
Q18845501,protactinium 218,91,127
Q18845502,protactinium 219,91,128
Q18845503,protactinium 220,91,129
Q18845504,protactinium 221,91,130
Q18845505,protactinium 222,91,131
Q18845506,protactinium 223,91,132
Q18845507,protactinium 224,91,133
Q18845508,protactinium 225,91,134
Q18845509,protactinium 226,91,135
Q18845510,protactinium 227,91,136
Q18845511,protactinium 228,91,137
Q18845512,protactinium 229,91,138
Q18845513,protactinium 230,91,139
Q18845514,protactinium 231,91,140
Q18845515,protactinium 232,91,141
Q18845516,protactinium 233,91,142
Q18845517,protactinium 234,91,143
Q18845519,protactinium 235,91,144
Q18845520,protactinium 236,91,145
Q18845521,protactinium 237,91,146
Q18845522,protactinium 238,91,147
Q18845523,protactinium 239,91,148
Q18845524,protactinium 240,91,149
Q47457475,protactinium 241,91,150
Q47457397,uranium 215,92,123
Q47457403,uranium 216,92,124
Q18845525,uranium 217,92,125
Q18845526,uranium 218,92,126
Q18845527,uranium 219,92,127
Q18845528,uranium 220,92,128
Q18845529,uranium 221,92,129
Q18845530,uranium 222,92,130
Q18845532,uranium 223,92,131
Q18845533,uranium 224,92,132
Q18845534,uranium 225,92,133
Q18845535,uranium 226,92,134
Q18845536,uranium 227,92,135
Q18845537,uranium 228,92,136
Q18845538,uranium 229,92,137
Q18845539,uranium 230,92,138
Q18845541,uranium 231,92,139
Q2077677,Uranium 232,92,140
Q2668919,uranium 233,92,141
Q2153640,uranium 234,92,142
Q848497,uranium 235,92,143
Q5955496,uranium 236,92,144
Q18845543,uranium 237,92,145
Q1148503,uranium 238,92,146
Q18845544,uranium 239,92,147
Q18845545,uranium 240,92,148
Q18845546,uranium 241,92,149
Q18845547,uranium 242,92,150
Q47457477,uranium 243,92,151
Q47457414,neptunium 219,93,126
Q47457418,neptunium 220,93,127
Q47457423,neptunium 221,93,128
Q47457427,neptunium 222,93,129
Q47457434,neptunium 223,93,130
Q47457440,neptunium 224,93,131
Q18845548,neptunium 225,93,132
Q18845549,neptunium 226,93,133
Q18845550,neptunium 227,93,134
Q18845551,neptunium 228,93,135
Q18845552,neptunium 229,93,136
Q18845553,neptunium 230,93,137
Q18845554,neptunium 231,93,138
Q18845555,neptunium 232,93,139
Q18845557,neptunium 233,93,140
Q18845558,neptunium 234,93,141
Q18845559,neptunium 235,93,142
Q18845560,neptunium 236,93,143
Q7885251,neptunium 237,93,144
Q18845561,neptunium 238,93,145
Q18845562,neptunium 239,93,146
Q18845563,neptunium 240,93,147
Q18845564,neptunium 241,93,148
Q18845565,neptunium 242,93,149
Q18845566,neptunium 243,93,150
Q18845567,neptunium 244,93,151
Q47457479,neptunium 245,93,152
Q47457452,plutonium 227,94,133
Q18845568,plutonium 228,94,134
Q18845569,plutonium 229,94,135
Q18845570,plutonium 230,94,136
Q18845571,plutonium 231,94,137
Q18845572,plutonium 232,94,138
Q18845573,plutonium 233,94,139
Q18845574,plutonium 234,94,140
Q18845575,plutonium 235,94,141
Q18845576,plutonium 236,94,142
Q18845577,plutonium 237,94,143
Q2663606,plutonium 238,94,144
Q1141329,plutonium 239,94,145
Q2330653,plutonium 240,94,146
Q7205705,plutonium 241,94,147
Q7205708,plutonium 242,94,148
Q18845578,plutonium 243,94,149
Q3032286,plutonium 244,94,150
Q18845579,plutonium 245,94,151
Q18845580,plutonium 246,94,152
Q18845581,plutonium 247,94,153
Q47457456,américium 229,95,134
Q47457458,américium 230,95,135
Q18845582,américium 231,95,136
Q18845583,américium 232,95,137
Q18845584,américium 233,95,138
Q18845585,américium 234,95,139
Q18845586,américium 235,95,140
Q18845587,américium 236,95,141
Q18845588,américium 237,95,142
Q18845589,américium 238,95,143
Q18845590,américium 239,95,144
Q18845591,américium 240,95,145
Q7885334,américium 241,95,146
Q18845592,américium 242,95,147
Q18845594,américium 243,95,148
Q18845595,américium 244,95,149
Q18845596,américium 245,95,150
Q18845597,américium 246,95,151
Q18845598,américium 247,95,152
Q18845599,américium 248,95,153
Q18845600,américium 249,95,154
Q47457463,curium 231,96,135
Q18845601,curium 232,96,136
Q18845602,curium 233,96,137
Q18845603,curium 234,96,138
Q18845604,curium 235,96,139
Q18845605,curium 236,96,140
Q18845606,curium 237,96,141
Q18845607,curium 238,96,142
Q18845608,curium 239,96,143
Q18845611,curium 240,96,144
Q18845612,curium 241,96,145
Q3007675,curium 242,96,146
Q18845613,curium 243,96,147
Q3007678,curium 244,96,148
Q18845614,curium 245,96,149
Q18845615,curium 246,96,150
Q18845618,curium 247,96,151
Q18845621,curium 248,96,152
Q18845622,curium 249,96,153
Q18845623,curium 250,96,154
Q18845624,curium 251,96,155
Q18845625,curium 252,96,156
Q47457466,berkélium 233,97,136
Q47457467,berkélium 234,97,137
Q18845626,berkélium 235,97,138
Q18845627,berkélium 236,97,139
Q18845628,berkélium 237,97,140
Q18845629,berkélium 238,97,141
Q18845630,berkélium 239,97,142
Q18845632,berkélium 240,97,143
Q18845633,berkélium 241,97,144
Q18845634,berkélium 242,97,145
Q18845635,berkélium 243,97,146
Q18845636,berkélium 244,97,147
Q18845637,berkélium 245,97,148
Q18845638,berkélium 246,97,149
Q18845639,berkélium 247,97,150
Q18845641,berkélium 248,97,151
Q18845651,berkélium 249,97,152
Q18845659,berkélium 250,97,153
Q18845667,berkélium 251,97,154
Q18845675,berkélium 252,97,155
Q18845683,berkélium 253,97,156
Q18845692,berkélium 254,97,157
Q18845700,californium 237,98,139
Q18845710,californium 238,98,140
Q18845719,californium 239,98,141
Q18845725,californium 240,98,142
Q18845729,californium 241,98,143
Q18845735,californium 242,98,144
Q18845741,californium 243,98,145
Q18845751,californium 244,98,146
Q18845760,californium 245,98,147
Q18845769,californium 246,98,148
Q18845778,californium 247,98,149
Q18845786,californium 248,98,150
Q18845796,californium 249,98,151
Q18845806,californium 250,98,152
Q18845815,californium 251,98,153
Q18845825,californium 252,98,154
Q18845834,californium 253,98,155
Q18845842,californium 254,98,156
Q18845850,californium 255,98,157
Q18845860,californium 256,98,158
Q47457474,einsteinium 239,99,140
Q18845869,einsteinium 240,99,141
Q18845879,einsteinium 241,99,142
Q18845890,einsteinium 242,99,143
Q18845901,einsteinium 243,99,144
Q18845910,einsteinium 244,99,145
Q18845915,einsteinium 245,99,146
Q18845916,einsteinium 246,99,147
Q18845917,einsteinium 247,99,148
Q18845918,einsteinium 248,99,149
Q18845919,einsteinium 249,99,150
Q18845920,einsteinium 250,99,151
Q18845921,einsteinium 251,99,152
Q18845922,einsteinium 252,99,153
Q18845923,einsteinium 253,99,154
Q18845924,einsteinium 254,99,155
Q18845925,einsteinium 255,99,156
Q18845926,einsteinium 256,99,157
Q18845927,einsteinium 257,99,158
Q18845930,einsteinium 258,99,159
Q18845931,fermium 241,100,141
Q18845932,fermium 242,100,142
Q18845933,fermium 243,100,143
Q18845934,fermium 244,100,144
Q18845935,fermium 245,100,145
Q18845936,fermium 246,100,146
Q18845937,fermium 247,100,147
Q18845938,fermium 248,100,148
Q18845939,fermium 249,100,149
Q18845940,fermium 250,100,150
Q18845941,fermium 251,100,151
Q18845944,fermium 252,100,152
Q18845945,fermium 253,100,153
Q18845946,fermium 254,100,154
Q18845947,fermium 255,100,155
Q18845948,fermium 256,100,156
Q18845949,fermium 257,100,157
Q18845950,fermium 258,100,158
Q18845952,fermium 259,100,159
Q18845953,fermium 260,100,160
Q18845954,mendélévium 245,101,144
Q18845955,mendélévium 246,101,145
Q18845956,mendélévium 247,101,146
Q18845957,mendélévium 248,101,147
Q18845958,mendélévium 249,101,148
Q18845959,mendélévium 250,101,149
Q18845960,mendélévium 251,101,150
Q18845961,mendélévium 252,101,151
Q18845963,mendélévium 253,101,152
Q18845964,mendélévium 254,101,153
Q18845965,mendélévium 255,101,154
Q18845966,mendélévium 256,101,155
Q18845967,mendélévium 257,101,156
Q18845968,mendélévium 258,101,157
Q18845969,mendélévium 259,101,158
Q18845970,mendélévium 260,101,159
Q47457485,mendélévium 261,101,160
Q47457487,mendélévium 262,101,161
Q47457480,nobélium 248,102,146
Q47457481,nobélium 249,102,147
Q18845971,nobélium 250,102,148
Q18845976,nobélium 251,102,149
Q18845984,nobélium 252,102,150
Q18845985,nobélium 253,102,151
Q18845986,nobélium 254,102,152
Q18845987,nobélium 255,102,153
Q18845988,nobélium 256,102,154
Q18845989,nobélium 257,102,155
Q18845990,nobélium 258,102,156
Q18845991,nobélium 259,102,157
Q18845992,nobélium 260,102,158
Q18845993,nobélium 261,102,159
Q18845994,nobélium 262,102,160
Q47457489,nobélium 263,102,161
Q47457490,nobélium 264,102,162
Q47457484,lawrencium 251,103,148
Q18846005,lawrencium 252,103,149
Q18846020,lawrencium 253,103,150
Q18846038,lawrencium 254,103,151
Q18846066,lawrencium 255,103,152
Q18846101,lawrencium 256,103,153
Q18846143,lawrencium 257,103,154
Q18846177,lawrencium 258,103,155
Q18846225,lawrencium 259,103,156
Q18846271,lawrencium 260,103,157
Q18846312,lawrencium 261,103,158
Q18846357,lawrencium 262,103,159
Q18846413,lawrencium 263,103,160
Q18846502,lawrencium 264,103,161
Q18846568,lawrencium 265,103,162
Q18846650,lawrencium 266,103,163
Q18846712,rutherfordium 253,104,149
Q18846798,rutherfordium 254,104,150
Q18846895,rutherfordium 255,104,151
Q18846977,rutherfordium 256,104,152
Q18847052,rutherfordium 257,104,153
Q18847114,rutherfordium 258,104,154
Q18847189,rutherfordium 259,104,155
Q18847266,rutherfordium 260,104,156
Q18847344,rutherfordium 261,104,157
Q18847418,rutherfordium 262,104,158
Q18847477,rutherfordium 263,104,159
Q18847544,rutherfordium 264,104,160
Q18847617,rutherfordium 265,104,161
Q18847696,rutherfordium 266,104,162
Q18847785,rutherfordium 267,104,163
Q18847859,rutherfordium 268,104,164
Q18847928,dubnium 255,105,150
Q18848029,dubnium 256,105,151
Q18848113,dubnium 257,105,152
Q18848198,dubnium 258,105,153
Q18848277,dubnium 259,105,154
Q18848359,dubnium 260,105,155
Q18848408,dubnium 261,105,156
Q18848460,dubnium 262,105,157
Q18848562,dubnium 263,105,158
Q18848640,dubnium 264,105,159
Q18848716,dubnium 265,105,160
Q18848794,dubnium 266,105,161
Q18848872,dubnium 267,105,162
Q18848968,dubnium 268,105,163
Q18849058,dubnium 269,105,164
Q18849123,dubnium 270,105,165
Q18849209,seaborgium 258,106,152
Q18849280,seaborgium 259,106,153
Q18849374,seaborgium 260,106,154
Q18849441,seaborgium 261,106,155
Q18849505,seaborgium 262,106,156
Q18849580,seaborgium 263,106,157
Q18849639,seaborgium 264,106,158
Q18849723,seaborgium 265,106,159
Q18889009,seaborgium 265a,106,159
Q18889011,seaborgium 265b,106,159
Q18849793,seaborgium 266,106,160
Q18849880,seaborgium 267,106,161
Q18849954,seaborgium 268,106,162
Q18850011,seaborgium 269,106,163
Q18850064,seaborgium 270,106,164
Q18850098,seaborgium 271,106,165
Q47457495,seaborgium 272,106,166
Q47457497,seaborgium 273,106,167
Q18850164,bohrium 260,107,153
Q18850232,bohrium 261,107,154
Q18850305,bohrium 262,107,155
Q18850402,bohrium 263,107,156
Q18850485,bohrium 264,107,157
Q18850552,bohrium 265,107,158
Q18850639,bohrium 266,107,159
Q18850706,bohrium 267,107,160
Q18850781,bohrium 268,107,161
Q18850849,bohrium 269,107,162
Q18850918,bohrium 270,107,163
Q18850977,bohrium 271,107,164
Q18851053,bohrium 272,107,165
Q18851155,bohrium 273,107,166
Q18851237,bohrium 274,107,167
Q47457510,bohrium 275,107,168
Q18851279,hassium 263,108,155
Q18851280,hassium 264,108,156
Q18851281,hassium 265,108,157
Q18851282,hassium 266,108,158
Q18851283,hassium 267,108,159
Q18851284,hassium 268,108,160
Q18851285,hassium 269,108,161
Q18851286,hassium 270,108,162
Q18851287,hassium 271,108,163
Q18851288,hassium 272,108,164
Q18851289,hassium 273,108,165
Q18851290,hassium 274,108,166
Q18851291,hassium 275,108,167
Q18851292,hassium 276,108,168
Q18851293,hassium 277,108,169
Q47457491,meitnérium 265,109,156
Q18851294,meitnerium 266,109,157
Q18851295,meitnerium 267,109,158
Q18851296,meitnerium 268,109,159
Q18851297,meitnerium 269,109,160
Q18851298,meitnerium 270,109,161
Q18851299,meitnerium 271,109,162
Q18851300,meitnerium 272,109,163
Q18851301,meitnerium 273,109,164
Q18851302,meitnerium 274,109,165
Q18851303,meitnerium 275,109,166
Q18851304,meitnerium 276,109,167
Q18851305,meitnerium 277,109,168
Q18851306,meitnerium 278,109,169
Q47457541,meitnérium 279,109,170
Q18851307,darmstadtium 267,110,157
Q47457492,darmstadtium 268,110,158
Q18851308,darmstadtium 269,110,159
Q18851309,darmstadtium 270,110,160
Q18851310,darmstadtium 271,110,161
Q47457496,darmstadtium 272,110,162
Q18851311,darmstadtium 273,110,163
Q47457505,darmstadtium 274,110,164
Q47457513,darmstadtium 275,110,165
Q47457516,darmstadtium 276,110,166
Q18851312,darmstadtium 277,110,167
Q47457537,darmstadtium 278,110,168
Q18851313,darmstadtium 279,110,169
Q47457546,darmstadtium 280,110,170
Q18851314,darmstadtium 281,110,171
Q18851315,roentgenium 272,111,161
Q47457501,roentgenium 273,111,162
Q18851316,roentgenium 274,111,163
Q47457514,roentgenium 275,111,164
Q47457522,roentgenium 276,111,165
Q47457536,roentgenium 277,111,166
Q18851317,roentgenium 278,111,167
Q18851318,roentgenium 279,111,168
Q18851319,roentgenium 280,111,169
Q18851320,roentgenium 281,111,170
Q18851321,roentgenium 282,111,171
Q47457554,roentgenium 283,111,172
Q47457533,copernicium 276,112,164
Q18851322,copernicium 277,112,165
Q47457540,copernicium 278,112,166
Q47457543,copernicium 279,112,167
Q47457547,copernicium 280,112,168
Q18851323,copernicium 281,112,169
Q18851324,copernicium 282,112,170
Q18851325,copernicium 283,112,171
Q18851326,copernicium 284,112,172
Q18851327,copernicium 285,112,173
Q18851328,nihonium 278,113,165
Q47457545,nihonium 279,113,166
Q47457549,nihonium 280,113,167
Q47457551,nihonium 281,113,168
Q18851329,nihonium 282,113,169
Q18851330,nihonium 283,113,170
Q18851331,nihonium 284,113,171
Q18851332,nihonium 285,113,172
Q18851333,nihonium 286,113,173
Q47457556,nihonium 287,113,174
Q18889045,flérovium 284,114,170
Q18851334,flérovium 285,114,171
Q18851335,flérovium 286,114,172
Q18851336,flérovium 287,114,173
Q18851337,flérovium 288,114,174
Q18851338,flérovium 289,114,175
Q18851339,moscovium 287,115,172
Q18851340,moscovium 288,115,173
Q18851341,moscovium 289,115,174
Q18851342,moscovium 290,115,175
Q47457559,moscovium 291,115,176
Q47457558,livermorium 289,116,173
Q18851343,livermorium 290,116,174
Q18851344,livermorium 291,116,175
Q18851345,livermorium 292,116,176
Q18851346,livermorium 293,116,177
Q47457560,tennesse 291,117,174
Q47457561,tennesse 292,117,175
Q18851348,tennesse 293,117,176
Q18851349,tennesse 294,117,177
Q47457564,oganesson 293,118,175
Q18851350,oganesson 294,118,176
Q47456674,oganesson 295,118,177
