neon-15,néon 15,neon,néon,10,5,40215.373,66.684,0,4868.728,4.446,0,15.04317298,7.1588e-05,0
sodium-17,sodium 17,sodium,sodium,11,6,35173.214,1001.356,0,5496.08,58.903,0,17.03776,0.001075,0
boron-20,bore 20,boron,bore,5,15,68450,800,1,4453,40,1,20.073484,0.000859,1
boron-21,bore 21,boron,bore,5,16,77330,900,1,4203,43,1,21.083017,0.000966,1
carbon-23,carbone 23,carbon,carbone,6,17,64171,997,1,5077,43,1,23.06889,0.00107,1
aluminum-43,aluminium 43,aluminum,aluminium,13,30,47020,800,1,6741,19,1,43.050478,0.000859,1
silicon-45,silicium 45,silicon,silicium,14,31,37490,700,1,6995,16,1,45.040247,0.000751,1
phosphorus-47,phosphore 47,phosphorus,phosphore,15,32,29710,800,1,7190,17,1,47.031895,0.000859,1
argon-52,argon 52,argon,argon,18,34,-1280,600,1,7825,12,1,51.998626,0.000644,1
potassium-56,potassium 56,potassium,potassium,19,37,7927,801,1,7664,14,1,56.00851,0.00086,1
calcium-58,calcium 58,calcium,calcium,20,38,-1919,500,1,7835,9,1,57.99794,0.000537,1
scandium-61,scandium 61,scandium,scandium,21,40,931,600,1,7787,10,1,61.001,0.000644,1
titanium-64,titane 64,titanium,titane,22,42,-1025,600,1,7818,9,1,63.9989,0.000644,1
selenium-64,sélénium 64,selenium,sélénium,34,30,-26700,503,1,8073,8,1,63.971336,0.00054,1
vanadium-66,vanadium 66,vanadium,vanadium,23,43,-5610,500,1,7884,8,1,65.993977,0.000537,1
vanadium-67,vanadium 67,vanadium,vanadium,23,44,-650,600,1,7812,9,1,66.999302,0.000644,1
chromium-68,chrome 68,chromium,chrome,24,44,-14800,500,1,8013,7,1,67.984112,0.000537,1
chromium-69,chrome 69,chromium,chrome,24,45,-8580,500,1,7924,7,1,68.990789,0.000537,1
chromium-70,chrome 70,chromium,chrome,24,46,-4480,600,1,7867,9,1,69.995191,0.000644,1
manganese-70,manganèse 70,manganese,manganèse,25,45,-19500,500,1,8070,7,1,69.979066,0.000537,1
manganese-71,manganèse 71,manganese,manganèse,25,46,-15570,500,1,8015,7,1,70.983285,0.000537,1
manganese-72,manganèse 72,manganese,manganèse,25,47,-9900,600,1,7937,8,1,71.989372,0.000644,1
iron-73,fer 73,iron,fer,26,47,-22900,500,1,8106,7,1,72.975416,0.000537,1
iron-74,fer 74,iron,fer,26,48,-19590,600,1,8061,8,1,73.978969,0.000644,1
iron-75,fer 75,iron,fer,26,49,-13640,600,1,7982,8,1,74.985357,0.000644,1
yttrium-75,yttrium 75,yttrium,yttrium,39,36,-31820,300,1,8089,4,1,74.96584,0.000322,1
cobalt-76,cobalt 76,cobalt,cobalt,27,49,-24510,600,1,8116,8,1,75.973687,0.000644,1
cobalt-77,cobalt 77,cobalt,cobalt,27,50,-21015,600,1,8070,8,1,76.97744,0.000644,1
zirconium-77,zirconium 77,zirconium,zirconium,40,37,-32040,400,1,8081,5,1,76.965604,0.000429,1
nickel-79,nickel 79,nickel,nickel,28,51,-27570,600,1,8143,8,1,78.970402,0.000644,1
niobium-79,niobium 79,niobium,niobium,41,38,-31650,500,1,8066,6,1,78.966022,0.000537,1
nickel-80,nickel 80,nickel,nickel,28,52,-22630,700,1,8080,9,1,79.975706,0.000751,1
niobium-80,niobium 80,niobium,niobium,41,39,-38420,400,1,8151,5,1,79.958754,0.000429,1
copper-81,cuivre 81,copper,cuivre,29,52,-31420,500,1,8179,6,1,80.966269,0.000537,1
molybdenum-81,molybdène 81,molybdenum,molybdène,42,39,-31750,500,1,8058,6,1,80.965915,0.000537,1
copper-82,cuivre 82,copper,cuivre,29,53,-25320,600,1,8103,7,1,81.972818,0.000644,1
molybdenum-82,molybdène 82,molybdenum,molybdène,42,40,-40370,400,1,8163,5,1,81.956661,0.000429,1
technetium-83,technétium 83,technetium,technétium,43,40,-31320,500,1,8043,6,1,82.966377,0.000537,1
zinc-84,zinc 84,zinc,zinc,30,54,-31930,400,1,8172,5,1,83.965722,0.000429,1
technetium-84,technétium 84,technetium,technétium,43,41,-37700,400,1,8120,5,1,83.959527,0.000429,1
zinc-85,zinc 85,zinc,zinc,30,55,-25230,500,1,8092,6,1,84.972914,0.000537,1
ruthenium-85,ruthénium 85,ruthenium,ruthénium,44,41,-30950,500,1,8030,6,1,84.966774,0.000537,1
ruthenium-86,ruthénium 86,ruthenium,ruthénium,44,42,-39770,400,1,8133,5,1,85.957305,0.000429,1
gallium-87,gallium 87,gallium,gallium,31,56,-29250,500,1,8129,6,1,86.968599,0.000537,1
rhodium-88,rhodium 88,rhodium,rhodium,45,43,-36860,400,1,8090,5,1,87.960429,0.000429,1
germanium-90,germanium 90,germanium,germanium,32,58,-29221,500,1,8118,6,1,89.96863,0.000537,1
palladium-90,palladium 90,palladium,palladium,46,44,-39710,400,1,8113,4,1,89.95737,0.000429,1
silver-92,argent 92,silver,argent,47,45,-37130,500,1,8075,5,1,91.960139,0.000537,1
cadmium-94,cadmium 94,cadmium,cadmium,48,46,-40140,500,1,8099,5,1,93.956908,0.000537,1
selenium-95,sélénium 95,selenium,sélénium,34,61,-30460,500,1,8112,5,1,94.9673,0.000537,1
indium-96,indium 96,indium,indium,49,47,-37890,500,1,8067,5,1,95.959323,0.000537,1
bromine-98,brome 98,bromine,brome,35,63,-28250,400,1,8080,4,1,97.969672,0.000429,1
rubidium-103,rubidium 103,rubidium,rubidium,37,66,-33608,401,1,8117,4,1,102.96392,0.00043,1
strontium-106,strontium 106,strontium,strontium,38,68,-34790,600,1,8119,6,1,105.962651,0.000644,1
strontium-107,strontium 107,strontium,strontium,38,69,-28900,700,1,8064,7,1,106.968975,0.000751,1
iodine-107,iode 107,iodine,iode,53,54,-49430,300,1,8146,3,1,106.946935,0.000322,1
yttrium-109,yttrium 109,yttrium,yttrium,39,70,-33200,700,1,8096,6,1,108.964358,0.000751,1
xenon-109,xénon 109,xenon,xénon,54,55,-46169.548,300.108,0,8107.306,2.753,0,108.950434948,0.000322178,0
zirconium-111,zirconium 111,zirconium,zirconium,40,71,-37560,700,1,8128,6,1,110.959678,0.000751,1
caesium-111,césium 111,caesium,césium,55,56,-42821,196,1,8069,2,1,110.95403,0.00021,1
zirconium-112,zirconium 112,zirconium,zirconium,40,72,-33810,700,1,8094,6,1,111.963703,0.000751,1
barium-113,baryum 113,barium,baryum,56,57,-39784,298,1,8036,3,1,112.95729,0.00032,1
niobium-114,niobium 114,niobium,niobium,41,73,-35387,503,1,8100,4,1,113.96201,0.00054,1
niobium-115,niobium 115,niobium,niobium,41,74,-31354,503,1,8065,4,1,114.96634,0.00054,1
molybdenum-116,molybdène 116,molybdenum,molybdène,42,74,-41500,500,1,8146,4,1,115.955448,0.000537,1
lanthanum-116,lanthane 116,lanthanum,lanthane,57,59,-40645,312,1,8037,3,1,115.956365,0.000335,1
molybdenum-117,molybdène 117,molybdenum,molybdène,42,75,-36170,500,1,8100,4,1,116.96117,0.000537,1
molybdenum-118,molybdène 118,molybdenum,molybdène,42,76,-32630,500,1,8069,4,1,117.96497,0.000537,1
technetium-119,technétium 119,technetium,technétium,43,76,-40371,503,1,8128,4,1,118.95666,0.00054,1
technetium-120,technétium 120,technetium,technétium,43,77,-35518,503,1,8087,4,1,119.96187,0.00054,1
technetium-121,technétium 121,technetium,technétium,43,78,-31780,500,1,8056,4,1,120.965883,0.000537,1
ruthenium-121,ruthénium 121,ruthenium,ruthénium,44,77,-45047,401,1,8159,3,1,120.95164,0.00043,1
ruthenium-122,ruthénium 122,ruthenium,ruthénium,44,78,-42150,500,1,8135,4,1,121.95475,0.000537,1
ruthenium-123,ruthénium 123,ruthenium,ruthénium,44,79,-37080,500,1,8093,4,1,122.960193,0.000537,1
rhodium-123,rhodium 123,rhodium,rhodium,45,78,-49360,400,1,8186,3,1,122.94701,0.000429,1
ruthenium-124,ruthénium 124,ruthenium,ruthénium,44,80,-33960,600,1,8068,5,1,123.963542,0.000644,1
rhodium-124,rhodium 124,rhodium,rhodium,45,79,-44890,400,1,8149,3,1,123.951809,0.000429,1
rhodium-125,rhodium 125,rhodium,rhodium,45,80,-42000,500,1,8126,4,1,124.954911,0.000537,1
rhodium-126,rhodium 126,rhodium,rhodium,45,81,-37300,500,1,8088,4,1,125.959957,0.000537,1
rhodium-127,rhodium 127,rhodium,rhodium,45,82,-34030,600,1,8062,5,1,126.963467,0.000644,1
palladium-127,palladium 127,palladium,palladium,46,81,-47180,500,1,8159,4,1,126.94935,0.000537,1
palladium-129,palladium 129,palladium,palladium,46,83,-37610,600,1,8084,5,1,128.959624,0.000644,1
silver-131,argent 131,silver,argent,47,84,-40380,500,1,8099,4,1,130.95665,0.000537,1
silver-132,argent 132,silver,argent,47,85,-33790,500,1,8049,4,1,131.963725,0.000537,1
cadmium-133,cadmium 133,cadmium,cadmium,48,85,-43920,298,1,8119,2,1,132.95285,0.00032,1
gadolinium-133,gadolinium 133,gadolinium,gadolinium,64,69,-35860,500,1,7964,4,1,132.961503,0.000537,1
cadmium-134,cadmium 134,cadmium,cadmium,48,86,-38920,400,1,8082,3,1,133.958218,0.000429,1
indium-136,indium 136,indium,indium,49,87,-40510,400,1,8087,3,1,135.956511,0.000429,1
indium-137,indium 137,indium,indium,49,88,-35040,500,1,8047,4,1,136.962383,0.000537,1
tin-138,étain 138,tin,étain,50,88,-44861,503,1,8113,4,1,137.95184,0.00054,1
tin-139,étain 139,tin,étain,50,89,-38440,500,1,8066,4,1,138.958733,0.000537,1
antimony-140,antimoine 140,antimony,antimoine,51,89,-43939,596,1,8100,4,1,139.95283,0.00064,1
antimony-141,antimoine 141,antimony,antimoine,51,90,-39110,500,1,8066,4,1,140.958014,0.000537,1
tellurium-143,tellure 143,tellurium,tellure,52,91,-40278,503,1,8068,4,1,142.95676,0.00054,1
thulium-144,thulium 144,thulium,thulium,69,75,-22259,400,1,7851,3,1,143.976104,0.000429,1
iodine-145,iode 145,iodine,iode,53,92,-40939,503,1,8068,3,1,144.95605,0.00054,1
xenon-148,xénon 148,xenon,xénon,54,94,-38600,300,1,8047,2,1,147.958561,0.000322,1
caesium-152,césium 152,caesium,césium,55,97,-28930,500,1,7979,3,1,151.968942,0.000537,1
barium-154,baryum 154,barium,baryum,56,98,-32820,500,1,8000,3,1,153.964766,0.000537,1
lanthanum-156,lanthane 156,lanthanum,lanthane,57,99,-33050,400,1,7997,3,1,155.964519,0.000429,1
tungsten-157,tungstène 157,tungsten,tungstène,74,83,-19470,400,1,7827,3,1,156.979098,0.000429,1
cerium-158,cérium 158,cerium,cérium,58,100,-36660,400,1,8016,3,1,157.960644,0.000429,1
rhenium-159,rhénium 159,rhenium,rhénium,75,84,-14745,305,1,7795,2,1,158.984171,0.000327,1
praseodymium-160,praséodyme 160,praseodymium,praséodyme,59,101,-36520,400,1,8011,2,1,159.960794,0.000429,1
osmium-161,osmium 161,osmium,osmium,76,85,-9979,400,1,7764,2,1,160.989287,0.000429,1
neodymium-162,néodyme 162,neodymium,néodyme,60,102,-39550,400,1,8026,2,1,161.957541,0.000429,1
promethium-164,prométhium 164,promethium,prométhium,61,103,-38870,400,1,8017,2,1,163.958271,0.000429,1
samarium-166,samarium 166,samarium,samarium,62,104,-40730,400,1,8024,2,1,165.956275,0.000429,1
europium-168,europium 168,europium,europium,63,105,-39740,500,1,8014,3,1,167.957337,0.000537,1
gadolinium-170,gadolinium 170,gadolinium,gadolinium,64,106,-41380,596,1,8020,4,1,169.955577,0.00064,1
terbium-172,terbium 172,terbium,terbium,65,107,-39850,503,1,8007,3,1,171.957219,0.00054,1
dysprosium-174,dysprosium 174,dysprosium,dysprosium,66,108,-41370,503,1,8012,3,1,173.955587,0.00054,1
holmium-176,holmium 176,holmium,holmium,67,109,-39290,503,1,7997,3,1,175.95782,0.00054,1
erbium-178,erbium 178,erbium,erbium,68,110,-40260,596,1,7999,3,1,177.956779,0.00064,1
thulium-180,thulium 180,thulium,thulium,69,111,-37920,503,1,7982,3,1,179.959291,0.00054,1
thulium-181,thulium 181,thulium,thulium,69,112,-35170,596,1,7967,3,1,180.962243,0.00064,1
ytterbium-182,ytterbium 182,ytterbium,ytterbium,70,112,-38820,401,1,7984,2,1,181.958325,0.00043,1
ytterbium-183,ytterbium 183,ytterbium,ytterbium,70,113,-35100,401,1,7964,2,1,182.962319,0.00043,1
ytterbium-184,ytterbium 184,ytterbium,ytterbium,70,114,-32540,503,1,7951,3,1,183.965067,0.00054,1
ytterbium-185,ytterbium 185,ytterbium,ytterbium,70,115,-28500,503,1,7929,3,1,184.969404,0.00054,1
lutetium-185,lutécium 185,lutetium,lutécium,71,114,-33888,298,1,7954,2,1,184.96362,0.00032,1
lutetium-186,lutécium 186,lutetium,lutécium,71,115,-30210,401,1,7935,2,1,185.967568,0.00043,1
polonium-186,polonium 186,polonium,polonium,84,102,4100.974,18.286,0,7695.951,0.098,0,186.004402577,1.963e-05,0
lutetium-187,lutécium 187,lutetium,lutécium,71,116,-27580,401,1,7922,2,1,186.970392,0.00043,1
polonium-187,polonium 187,polonium,polonium,84,103,2828.597,31.898,0,7704.763,0.171,0,187.003036624,3.4243e-05,0
lutetium-188,lutécium 188,lutetium,lutécium,71,117,-23790,503,1,7902,3,1,187.97446,0.00054,1
hafnium-189,hafnium 189,hafnium,hafnium,72,117,-27162,298,1,7917,2,1,188.97084,0.00032,1
hafnium-190,hafnium 190,hafnium,hafnium,72,118,-25030,401,1,7907,2,1,189.973129,0.00043,1
tantalum-191,tantale 191,tantalum,tantale,73,118,-26492,298,1,7911,2,1,190.97156,0.00032,1
tantalum-192,tantale 192,tantalum,tantale,73,119,-23064,401,1,7894,2,1,191.97524,0.00043,1
astatine-192,astate 192,astatine,astate,85,107,2925.854,27.876,0,7709.727,0.145,0,192.003141034,2.9926e-05,0
tantalum-193,tantale 193,tantalum,tantale,73,120,-20870,401,1,7884,2,1,192.977595,0.00043,1
tungsten-193,tungstène 193,tungsten,tungstène,74,119,-26287,196,1,7908,1,1,192.97178,0.00021,1
radon-193,radon 193,radon,radon,86,107,9042.911,25.112,0,7675.852,0.13,0,193.009707964,2.6958e-05,0
tantalum-194,tantale 194,tantalum,tantale,73,121,-17300,503,1,7866,3,1,193.981428,0.00054,1
tungsten-194,tungstène 194,tungsten,tungstène,74,120,-24526,298,1,7899,2,1,193.97367,0.00032,1
radon-194,radon 194,radon,radon,86,108,5723.495,16.899,0,7695.001,0.087,0,194.006144424,1.8141e-05,0
tungsten-195,tungstène 195,tungsten,tungstène,74,121,-21010,298,1,7882,2,1,194.977445,0.00032,1
rhenium-195,rhénium 195,rhenium,rhénium,75,120,-25579,298,1,7902,2,1,194.97254,0.00032,1
tungsten-196,tungstène 196,tungsten,tungstène,74,122,-18880,401,1,7872,2,1,195.979731,0.00043,1
rhenium-196,rhénium 196,rhenium,rhénium,75,121,-22542,298,1,7887,2,1,195.9758,0.00032,1
tungsten-197,tungstène 197,tungsten,tungstène,74,123,-15140,401,1,7854,2,1,196.983747,0.00043,1
rhenium-197,rhénium 197,rhenium,rhénium,75,122,-20502,298,1,7878,2,1,196.97799,0.00032,1
francium-197,francium 197,francium,francium,87,110,10253.971,54.404,0,7673.763,0.276,0,197.01100809,5.8404e-05,0
rhenium-198,rhénium 198,rhenium,rhénium,75,123,-17139,401,1,7862,2,1,197.9816,0.00043,1
osmium-198,osmium 198,osmium,osmium,76,122,-23837,196,1,7891,1,1,197.97441,0.00021,1
francium-198,francium 198,francium,francium,87,111,9574.024,32.222,0,7679.205,0.163,0,198.010278138,3.4591e-05,0
rhenium-199,rhénium 199,rhenium,rhénium,75,124,-14860,401,1,7851,2,1,198.984047,0.00043,1
osmium-199,osmium 199,osmium,osmium,76,123,-20484,196,1,7875,1,1,198.97801,0.00021,1
osmium-200,osmium 200,osmium,osmium,76,124,-18779,298,1,7868,1,1,199.97984,0.00032,1
iridium-200,iridium 200,iridium,iridium,77,123,-21611,196,1,7878,1,1,199.9768,0.00021,1
osmium-201,osmium 201,osmium,osmium,76,125,-15239,298,1,7851,1,1,200.98364,0.00032,1
iridium-201,iridium 201,iridium,iridium,77,124,-19897,196,1,7871,1,1,200.97864,0.00021,1
radium-201,radium 201,radium,radium,88,113,11936.801,20.301,0,7669.41,0.101,0,201.012814683,2.1794e-05,0
osmium-202,osmium 202,osmium,osmium,76,126,-13087,401,1,7842,2,1,201.98595,0.00043,1
iridium-202,iridium 202,iridium,iridium,77,125,-16776,298,1,7856,1,1,201.98199,0.00032,1
osmium-203,osmium 203,osmium,osmium,76,127,-7640,401,1,7816,2,1,202.991798,0.00043,1
iridium-203,iridium 203,iridium,iridium,77,126,-14690,401,1,7847,2,1,202.98423,0.00043,1
platinum-203,platine 203,platinum,platine,78,125,-19627,196,1,7867,1,1,202.97893,0.00021,1
iridium-204,iridium 204,iridium,iridium,77,127,-9688,401,1,7824,2,1,203.9896,0.00043,1
platinum-204,platine 204,platinum,platine,78,126,-17922,196,1,7860,1,1,203.98076,0.00021,1
iridium-205,iridium 205,iridium,iridium,77,128,-5960,503,1,7807,2,1,204.993602,0.00054,1
platinum-205,platine 205,platinum,platine,78,127,-12966,298,1,7837,1,1,204.98608,0.00032,1
platinum-206,platine 206,platinum,platine,78,128,-9632,298,1,7822,1,1,205.98966,0.00032,1
gold-206,or 206,gold,or,79,127,-14215,298,1,7840,1,1,205.98474,0.00032,1
platinum-207,platine 207,platinum,platine,78,129,-4540,401,1,7798,2,1,206.995126,0.00043,1
gold-207,or 207,gold,or,79,128,-10810,300,1,7825,1,1,206.988395,0.000322,1
platinum-208,platine 208,platinum,platine,78,130,-990,400,1,7783,2,1,207.998937,0.000429,1
gold-208,or 208,gold,or,79,129,-6101,298,1,7804,1,1,207.99345,0.00032,1
thorium-208,thorium 208,thorium,thorium,90,118,16683.73,34.19,0,7652.592,0.164,0,208.017910722,3.6704e-05,0
gold-209,or 209,gold,or,79,130,-2540,400,1,7788,2,1,208.997273,0.000429,1
gold-210,or 210,gold,or,79,131,2329,401,1,7766,2,1,210.0025,0.00043,1
mercury-211,mercure 211,mercury,mercure,80,131,-624,196,1,7778,1,1,210.99933,0.00021,1
protactinium-211,protactinium 211,protactinium,protactinium,91,120,22080,102,1,7629,0,1,211.023704,0.00011,1
mercury-212,mercure 212,mercury,mercure,80,132,2757,298,1,7763,1,1,212.00296,0.00032,1
mercury-213,mercure 213,mercury,mercure,80,133,7666,298,1,7741,1,1,213.00823,0.00032,1
thallium-213,thallium 213,thallium,thallium,81,132,1783.811,27.013,0,7765.43,0.127,0,213.001915,2.9e-05,0
mercury-214,mercure 214,mercury,mercure,80,134,11178,401,1,7727,2,1,214.012,0.00043,1
thallium-214,thallium 214,thallium,thallium,81,133,6465,196,1,7745,1,1,214.00694,0.00021,1
mercury-215,mercure 215,mercury,mercure,80,135,16208,401,1,7705,2,1,215.0174,0.00043,1
thallium-215,thallium 215,thallium,thallium,81,134,9911,298,1,7730,1,1,215.01064,0.00032,1
uranium-215,uranium 215,uranium,uranium,92,123,24923.087,88.49,0,7620.624,0.412,0,215.026756035,9.4997e-05,0
mercury-216,mercure 216,mercury,mercure,80,136,19859,401,1,7690,2,1,216.02132,0.00043,1
thallium-216,thallium 216,thallium,thallium,81,135,14718,298,1,7710,1,1,216.0158,0.00032,1
lead-216,plomb 216,lead,plomb,82,134,7480,196,1,7740,1,1,216.00803,0.00021,1
uranium-216,uranium 216,uranium,uranium,92,124,23066.351,28.093,0,7631.307,0.13,0,216.024762747,3.0158e-05,0
thallium-217,thallium 217,thallium,thallium,81,136,18313,401,1,7695,2,1,217.01966,0.00043,1
lead-217,plomb 217,lead,plomb,82,135,12240,298,1,7719,1,1,217.01314,0.00032,1
thallium-218,thallium 218,thallium,thallium,81,137,23180,400,1,7674,2,1,218.024885,0.000429,1
lead-218,plomb 218,lead,plomb,82,136,15453,298,1,7706,1,1,218.01659,0.00032,1
lead-219,plomb 219,lead,plomb,82,137,20279,401,1,7686,2,1,219.02177,0.00043,1
bismuth-219,bismuth 219,bismuth,bismuth,83,136,16283,196,1,7700,1,1,219.01748,0.00021,1
neptunium-219,neptunium 219,neptunium,neptunium,93,126,29456.655,88.354,0,7604.583,0.403,0,219.031623021,9.4851e-05,0
lead-220,plomb 220,lead,plomb,82,138,23669,401,1,7672,2,1,220.02541,0.00043,1
bismuth-220,bismuth 220,bismuth,bismuth,83,137,20819,298,1,7682,1,1,220.02235,0.00032,1
neptunium-220,neptunium 220,neptunium,neptunium,93,127,30311,196,1,7603,1,1,220.03254,0.00021,1
bismuth-221,bismuth 221,bismuth,bismuth,83,138,24098,298,1,7668,1,1,221.02587,0.00032,1
polonium-221,polonium 221,polonium,polonium,84,137,19773.755,19.561,0,7684.481,0.089,0,221.021228,2.1e-05,0
neptunium-221,neptunium 221,neptunium,neptunium,93,128,29850,200,1,7607,1,1,221.032045,0.000215,1
bismuth-222,bismuth 222,bismuth,bismuth,83,139,28729,300,1,7649,1,1,222.030842,0.000322,1
polonium-222,polonium 222,polonium,polonium,84,138,22486.265,40.054,0,7674.005,0.18,0,222.02414,4.3e-05,0
neptunium-222,neptunium 222,neptunium,neptunium,93,129,31019,196,1,7604,1,1,222.0333,0.00021,1
bismuth-223,bismuth 223,bismuth,bismuth,83,140,32137,401,1,7636,2,1,223.0345,0.00043,1
polonium-223,polonium 223,polonium,polonium,84,139,27079,196,1,7655,1,1,223.02907,0.00021,1
neptunium-223,neptunium 223,neptunium,neptunium,93,130,30600,196,1,7608,1,1,223.03285,0.00021,1
bismuth-224,bismuth 224,bismuth,bismuth,83,141,36830,400,1,7617,2,1,224.039539,0.000429,1
polonium-224,polonium 224,polonium,polonium,84,140,29910,196,1,7644,1,1,224.03211,0.00021,1
astatine-224,astate 224,astatine,astate,85,139,27711.015,22.356,0,7650.735,0.1,0,224.029749,2.4e-05,0
neptunium-224,neptunium 224,neptunium,neptunium,93,131,31876,196,1,7604,1,1,224.03422,0.00021,1
polonium-225,polonium 225,polonium,polonium,84,141,34530,298,1,7626,1,1,225.03707,0.00032,1
astatine-225,astate 225,astatine,astate,85,140,30395,298,1,7641,1,1,225.03263,0.00032,1
polonium-226,polonium 226,polonium,polonium,84,142,37549,401,1,7614,2,1,226.04031,0.00043,1
astatine-226,astate 226,astatine,astate,85,141,34614,298,1,7624,1,1,226.03716,0.00032,1
polonium-227,polonium 227,polonium,polonium,84,143,42281,401,1,7596,2,1,227.04539,0.00043,1
astatine-227,astate 227,astatine,astate,85,142,37483,298,1,7613,1,1,227.04024,0.00032,1
plutonium-227,plutonium 227,plutonium,plutonium,94,133,36770,100,1,7585,0,1,227.039474,0.000107,1
astatine-228,astate 228,astatine,astate,85,143,41684,401,1,7597,2,1,228.04475,0.00043,1
astatine-229,astate 229,astatine,astate,85,144,44823,401,1,7585,2,1,229.04812,0.00043,1
americium-229,américium 229,americium,américium,95,134,42150.02,87.348,0,7562.702,0.381,0,229.045249909,9.3772e-05,0
radon-230,radon 230,radon,radon,86,144,42048,196,1,7596,1,1,230.04514,0.00021,1
americium-230,américium 230,americium,américium,95,135,42932,133,1,7562,1,1,230.046089,0.000143,1
radon-231,radon 231,radon,radon,86,145,46454,298,1,7579,1,1,231.04987,0.00032,1
curium-231,curium 231,curium,curium,96,135,47270,300,1,7542,1,1,231.050746,0.000322,1
francium-233,francium 233,francium,francium,87,146,48920.051,19.561,0,7569.239,0.084,0,233.052517838,2.1e-05,0
berkelium-233,berkélium 233,berkelium,berkélium,97,136,52861,224,1,7519,1,1,233.056748,0.00024,1
berkelium-234,berkélium 234,berkelium,berkélium,97,137,53455,142,1,7519,1,1,234.057387,0.000153,1
radium-235,radium 235,radium,radium,88,147,51130,300,1,7561,1,1,235.05489,0.000322,1
actinium-237,actinium 237,actinium,actinium,89,148,54020,400,1,7550,2,1,237.057993,0.000429,1
thorium-239,thorium 239,thorium,thorium,90,149,56450,400,1,7541,2,1,239.060602,0.000429,1
einsteinium-239,einsteinium 239,einsteinium,einsteinium,99,140,63556,298,1,7481,1,1,239.06823,0.00032,1
protactinium-241,protactinium 241,protactinium,protactinium,91,150,59640,300,1,7528,1,1,241.064026,0.000322,1
uranium-243,uranium 243,uranium,uranium,92,151,62360,300,1,7518,1,1,243.066946,0.000322,1
neptunium-245,neptunium 245,neptunium,neptunium,93,152,65890,300,1,7505,1,1,245.070736,0.000322,1
nobelium-248,nobélium 248,nobelium,nobélium,102,146,80621,224,1,7424,1,1,248.08655,0.000241,1
nobelium-249,nobélium 249,nobelium,nobélium,102,147,81782,279,1,7422,1,1,249.087797,0.0003,1
lawrencium-251,lawrencium 251,lawrencium,lawrencium,103,148,87728,298,1,7401,1,1,251.09418,0.00032,1
mendelevium-261,mendélévium 261,mendelevium,mendélévium,101,160,98578,509,1,7391,2,1,261.105828,0.000546,1
mendelevium-262,mendélévium 262,mendelevium,mendélévium,101,161,101627,500,1,7382,2,1,262.109101,0.000537,1
nobelium-263,nobélium 263,nobelium,nobélium,102,161,103129,490,1,7376,2,1,263.110714,0.000526,1
nobelium-264,nobélium 264,nobelium,nobélium,102,162,105011,591,1,7371,2,1,264.112734,0.000634,1
meitnerium-265,meitnérium 265,meitnerium,meitnérium,109,156,126678,451,1,7271,2,1,265.135995,0.000484,1
darmstadtium-268,darmstadtium 268,darmstadtium,darmstadtium,110,158,133648,301,1,7252,1,1,268.143477,0.000324,1
seaborgium-272,seaborgium 272,seaborgium,seaborgium,106,166,126580,727,1,7301,3,1,272.13589,0.000781,1
darmstadtium-272,darmstadtium 272,darmstadtium,darmstadtium,110,162,136015,413,1,7255,2,1,272.146018,0.000443,1
seaborgium-273,seaborgium 273,seaborgium,seaborgium,106,167,130018,503,1,7291,2,1,273.13958,0.00054,1
roentgenium-273,roentgenium 273,roentgenium,roentgenium,111,162,142695,526,1,7231,2,1,273.153189,0.000565,1
darmstadtium-274,darmstadtium 274,darmstadtium,darmstadtium,110,164,139197,389,1,7249,1,1,274.149434,0.000418,1
bohrium-275,bohrium 275,bohrium,bohrium,107,168,135691,596,1,7273,2,1,275.14567,0.00064,1
darmstadtium-275,darmstadtium 275,darmstadtium,darmstadtium,110,165,141565,410,1,7244,1,1,275.151976,0.000441,1
roentgenium-275,roentgenium 275,roentgenium,roentgenium,111,164,145296,519,1,7227,2,1,275.155981,0.000557,1
darmstadtium-276,darmstadtium 276,darmstadtium,darmstadtium,110,166,142541,548,1,7243,2,1,276.153024,0.000588,1
roentgenium-276,roentgenium 276,roentgenium,roentgenium,111,165,147486,629,1,7222,2,1,276.158333,0.000675,1
copernicium-276,copernicium 276,copernicium,copernicium,112,164,150352,596,1,7209,2,1,276.16141,0.00064,1
roentgenium-277,roentgenium 277,roentgenium,roentgenium,111,166,148338,520,1,7222,2,1,277.159247,0.000558,1
darmstadtium-278,darmstadtium 278,darmstadtium,darmstadtium,110,168,146381,625,1,7235,2,1,278.157146,0.000671,1
copernicium-278,copernicium 278,copernicium,copernicium,112,166,152932,438,1,7206,2,1,278.164179,0.00047,1
meitnerium-279,meitnérium 279,meitnerium,meitnérium,109,170,147496,667,1,7237,2,1,279.158343,0.000716,1
copernicium-279,copernicium 279,copernicium,copernicium,112,167,155030,456,1,7202,2,1,279.166432,0.00049,1
nihonium-279,nihonium 279,nihonium,nihonium,113,166,159239,699,1,7184,3,1,279.17095,0.00075,1
darmstadtium-280,darmstadtium 280,darmstadtium,darmstadtium,110,170,150520,780,1,7226,3,1,280.16159,0.000838,1
copernicium-280,copernicium 280,copernicium,copernicium,112,168,155696,583,1,7202,2,1,280.167147,0.000626,1
nihonium-280,nihonium 280,nihonium,nihonium,113,167,161140,400,1,7180,1,1,280.172991,0.000429,1
nihonium-281,nihonium 281,nihonium,nihonium,113,168,161810,300,1,7181,1,1,281.17371,0.000322,1
roentgenium-283,roentgenium 283,roentgenium,roentgenium,111,172,159281,697,1,7202,2,1,283.170995,0.000748,1
nihonium-287,nihonium 287,nihonium,nihonium,113,174,171245,725,1,7167,3,1,287.18384,0.000778,1
livermorium-289,livermorium 289,livermorium,livermorium,116,173,184528,492,1,7119,2,1,289.198099,0.000529,1
moscovium-291,moscovium 291,moscovium,moscovium,115,176,183990,784,1,7130,3,1,291.197522,0.000842,1
tennessine-291,tennesse 291,tennessine,tennesse,117,174,191800,594,1,7098,2,1,291.205906,0.000637,1
tennessine-292,tennesse 292,tennessine,tennesse,117,175,193576,669,1,7095,2,1,292.207812,0.000718,1
oganesson-293,oganesson 293,oganesson,oganesson,118,175,198873,702,1,7077,2,1,293.213498,0.000753,1
oganesson-295,oganesson 295,oganesson,oganesson,118,177,201512,644,1,7075,2,1,295.216332,0.000692,1
